"province_code","2012_AGCHO_district_code","province_name_eng","district_name_eng","AGI","AGR","AGT","AGV","BRS","BSD","NFS","NHS","SNW","URB","WAT","fao_total","calculated_total","difference","check","pct_urban","pct_irrigated"
"01","0101","KABUL","Kabul",4340,1,209,225,2553,0,0,9416,0,17727,516,34987,34987,0,"OK",0.506673907451339,0.124046074256152
"01","0102","KABUL","Dehsabz",13881,1600,28,1919,3708,0,43,23561,0,1156,257,46153,46153,0,"OK",0.0250471258639742,0.300760513942756
"01","0103","KABUL","Shakardara",8396,368,986,1475,670,0,1,18198,0,1396,268,31757,31758,1,"ERROR",0.0439574280496253,0.264374330877259
"01","0104","KABUL","Paghman",8081,0,1419,31,457,0,100,24587,0,908,537,36121,36120,-1,"ERROR",0.0251384274640089,0.223726467331119
"01","0105","KABUL","Chahar Asyab",3755,0,209,0,5666,0,0,15260,0,571,276,25736,25737,1,"ERROR",0.0221859579593581,0.145898900415744
"01","0106","KABUL","Musayi",1836,0,9,0,1513,0,0,6917,0,290,479,11043,11044,1,"ERROR",0.0262586019558131,0.166244114451286
"01","0107","KABUL","Bagrami",6276,162,44,2,6648,0,2,12158,0,2330,325,27947,27947,0,"OK",0.0833720971839553,0.224567932157298
"01","0108","KABUL","Qarabagh",4929,1796,119,3247,55,0,0,9469,0,633,614,20862,20862,0,"OK",0.0303422490652862,0.236266896750072
"01","0109","KABUL","Kalakan",2654,262,3,1607,106,0,0,2452,0,254,152,7491,7490,-1,"ERROR",0.0339118825100133,0.3543391188251
"01","0110","KABUL","Mir Bacha Kot",2472,0,5,1240,2,0,0,2369,0,333,156,6576,6577,1,"ERROR",0.0506309867720845,0.375855253154934
"01","0111","KABUL","Guldara",1187,0,249,176,1,0,0,5687,0,71,200,7572,7571,-1,"ERROR",0.0093778893144895,0.156782459384493
"01","0112","KABUL","Khake Jabbar",2479,148,21,0,4083,0,0,51437,0,101,201,58470,58470,0,"OK",0.0017273815631948,0.0423978108431674
"01","0113","KABUL","Surobi",3585,2,166,31,22504,0,9098,92242,0,314,2968,130908,130910,2,"ERROR",0.00239859445420518,0.0273852264914827
"01","0114","KABUL","Estalef",1163,0,199,369,8,0,0,8985,0,169,50,10942,10943,1,"ERROR",0.0154436626153706,0.106277985927077
"01","0115","KABUL","Farza",1715,0,334,277,26,0,0,6171,0,99,340,8962,8962,0,"OK",0.0110466413746931,0.19136353492524
"02","0201","KAPISA","Mahmud-e-Ragqi",4565,1216,85,645,138,0,405,10413,0,483,487,18438,18437,-1,"ERROR",0.0261973206053045,0.247599934913489
"02","0202","KAPISA","Nejrab",5725,0,1533,9,81,0,6208,43078,107,458,932,58132,58131,-1,"ERROR",0.0078787566014691,0.0984844575183637
"02","0203","KAPISA","Kohband",1082,107,336,10,0,0,1027,12224,22,57,142,15008,15007,-1,"ERROR",0.00379822749383621,0.0720996868128207
"02","0204","KAPISA","Hisa-e-Duwum-e-",4039,0,51,35,0,0,0,586,0,514,77,5301,5302,1,"ERROR",0.0969445492267069,0.761788004526594
"02","0205","KAPISA","Tagab",3285,0,1607,226,6634,0,3024,36345,0,554,549,52224,52224,0,"OK",0.0106081495098039,0.0629021139705882
"02","0206","KAPISA","Alasay",1475,0,430,1,95,0,4100,23778,0,125,249,30252,30253,1,"ERROR",0.00413182163752355,0.0487554953227779
"02","0207","KAPISA","Hisa-e-Awale",2424,0,166,4,0,0,379,5217,0,545,64,8798,8799,1,"ERROR",0.06193885668826,0.275485850664848
"03","0301","PARWAN","Charikar",8068,0,318,2426,23,0,102,13818,0,1511,470,26736,26736,0,"OK",0.0565155595451825,0.301765409934171
"03","0302","PARWAN","Jabalussaraj",2367,0,229,5,24,0,11,8419,0,435,156,11646,11646,0,"OK",0.0373518804739825,0.203245749613601
"03","0303","PARWAN","Shinwari",2284,0,795,0,9022,0,31,54509,4496,321,670,72127,72128,1,"ERROR",0.004450421472937,0.0316659272404614
"03","0304","PARWAN","Bagram",10124,2659,54,3738,3628,0,207,12518,0,2146,954,36029,36028,-1,"ERROR",0.0595647829465971,0.281003663817031
"03","0305","PARWAN","Saydkhel",3531,0,50,51,0,0,1,37,0,370,549,4588,4589,1,"ERROR",0.0806275877097407,0.769448681629985
"03","0306","PARWAN","Salang",1118,5,570,0,1179,0,133,43683,4926,102,291,52004,52007,3,"ERROR",0.00196127444382487,0.0214971061587863
"03","0307","PARWAN","Ghorband",2962,1,3110,0,21528,0,0,59214,1678,520,449,89463,89462,-1,"ERROR",0.00581252375310188,0.0331090295320918
"03","0308","PARWAN","Koh-e-Safi",1658,806,142,153,11715,0,506,42495,0,105,396,57976,57976,0,"OK",0.00181109424589485,0.0285980405685111
"03","0309","PARWAN","Shekhali",2452,4657,680,0,6976,0,0,75901,879,207,268,92020,92020,0,"OK",0.00224951097587481,0.0266463812214736
"03","0310","PARWAN","Surkh-e-Parsa",3662,37,1174,0,9051,0,0,101331,257,357,514,116382,116383,1,"ERROR",0.00306745830576631,0.0314650765146112
"04","0401","WARDAK","Maydanshahr",2764,1,891,18,1550,0,74,18827,0,390,119,24636,24634,-2,"ERROR",0.0158317772184785,0.112202646748397
"04","0402","WARDAK","Jalrez",1879,12,1895,4,5210,0,279,99450,33,262,223,109245,109247,2,"ERROR",0.00239823519181305,0.0171995569672394
"04","0403","WARDAK","Nerkh",5806,0,2379,12,8398,0,0,38826,0,535,236,56192,56192,0,"OK",0.00952092824601367,0.103324316628702
"04","0404","WARDAK","Hesa-e-Awal-e-",11536,3963,149,0,913,0,0,136611,3257,126,783,157339,157338,-1,"ERROR",0.00080082370438165,0.0733198591567199
"04","0405","WARDAK","Daymirdad",2418,858,669,7,9503,0,80,81700,0,255,147,95636,95637,1,"ERROR",0.00266633206813263,0.0252831017284106
"04","0406","WARDAK","Chak",5272,84,1491,3,17965,0,150,84725,0,898,466,111054,111054,0,"OK",0.00808615628433015,0.0474724008140184
"04","0407","WARDAK","Saydabad",11355,835,665,9,18599,0,285,75612,0,1335,791,109484,109486,2,"ERROR",0.0121933397877354,0.103711890104671
"04","0408","WARDAK","Markaz-e-Behsud",20068,17135,142,0,4881,0,0,285615,5218,418,1012,334490,334489,-1,"ERROR",0.00124966740311341,0.0599959938891862
"04","0409","WARDAK","Jaghatu",6012,1515,446,18,3769,0,62,46819,0,686,581,59909,59908,-1,"ERROR",0.0114508913667624,0.100353875943113
"05","0501","LOGAR","Pul-e-Alam",15958,1875,184,438,24457,0,224,65307,0,2477,1202,112122,112122,0,"OK",0.0220920069210324,0.142327107971674
"05","0502","LOGAR","Khoshi",1030,248,83,0,9811,0,301,31917,0,92,149,43631,43631,0,"OK",0.00210859251449657,0.0236070683688203
"05","0503","LOGAR","Mohammad Agha",10492,50,313,16,37336,0,25,54743,0,1169,884,105028,105028,0,"OK",0.0111303652359371,0.0998971702784019
"05","0504","LOGAR","Baraki Barak",9630,288,76,8,4603,0,66,11484,0,929,211,27294,27295,1,"ERROR",0.0340355376442572,0.352811870305917
"05","0505","LOGAR","Charkh",3378,1904,190,591,1535,0,312,19813,0,718,184,28626,28625,-1,"ERROR",0.0250829694323144,0.118008733624454
"05","0506","LOGAR","Kharwar",4281,7769,7,0,3404,0,135,30421,0,317,390,46725,46724,-1,"ERROR",0.0067845218731273,0.091623148703022
"05","0507","LOGAR","Azra",1771,19,6,0,1724,0,15584,56467,0,15,489,76075,76075,0,"OK",0.000197173841603681,0.0232796582320079
"06","0601","NANGARHAR","Jalalabad",696,0,85,0,25,0,4,53,0,1402,97,2361,2362,1,"ERROR",0.593564775613887,0.294665537679932
"06","0602","NANGARHAR","Behsud",7242,0,328,0,16874,0,151,1885,0,1570,3053,31103,31103,0,"OK",0.0504774459055397,0.232839275954088
"06","0603","NANGARHAR","Surkhrod",9090,0,264,1,18989,0,90,7075,0,1670,1279,38459,38458,-1,"ERROR",0.0434239950075407,0.236361745280566
"06","0604","NANGARHAR","Khogyani",12147,6,497,3,15842,0,6086,31360,0,685,1102,67728,67728,0,"OK",0.0101139853531774,0.179349751948972
"06","0605","NANGARHAR","Chaparhar",5377,0,42,1,14177,0,0,1798,0,930,793,23118,23118,0,"OK",0.0402283934596418,0.232589324336015
"06","0606","NANGARHAR","Rodat",7619,1,549,14,20804,0,10,3981,0,1480,1178,35636,35636,0,"OK",0.0415310360309799,0.213800651027051
"06","0607","NANGARHAR","Kama",6384,0,168,0,11602,0,2,1969,0,544,2283,22953,22952,-1,"ERROR",0.0237016382014639,0.278145695364238
"06","0608","NANGARHAR","Kuz Kunar",3993,0,222,2,11688,0,851,9281,0,552,2429,29018,29018,0,"OK",0.0190226755806741,0.137604245640637
"06","0609","NANGARHAR","Dara-e-Nur",2139,0,151,0,509,0,12990,9741,0,149,172,25851,25851,0,"OK",0.00576380023983598,0.0827434141812696
"06","0610","NANGARHAR","Hesarak",4501,0,180,1,6117,0,8736,46731,0,127,532,66923,66925,2,"ERROR",0.00189764661935002,0.0672543892416885
"06","0611","NANGARHAR","Sherzad",7107,0,360,4,7164,0,4637,26715,0,263,352,46601,46602,1,"ERROR",0.0056435346122484,0.15250418436977
"06","0612","NANGARHAR","Pachier Agam",2584,4,90,1,6112,0,10649,26494,0,170,829,46933,46933,0,"OK",0.00362218481665353,0.0550572092131336
"06","0613","NANGARHAR","Deh Bala",2808,1,95,0,6986,0,5470,22500,0,142,538,38539,38540,1,"ERROR",0.00368448365334717,0.0728593668915413
"06","0614","NANGARHAR","Kot",2848,0,78,2,6498,0,42,7052,0,278,512,17310,17310,0,"OK",0.0160600808781051,0.164529173887926
"06","0615","NANGARHAR","Bati Kot",8656,0,896,233,1138,0,598,1197,0,772,1771,15260,15261,1,"ERROR",0.0505864622239696,0.567197431360986
"06","0616","NANGARHAR","Goshta",3431,0,15,18,31260,0,1595,13457,0,263,2093,52132,52132,0,"OK",0.00504488605846697,0.0658137036752858
"06","0617","NANGARHAR","Achin",6238,0,12,0,7355,0,10174,21650,0,442,853,46725,46724,-1,"ERROR",0.00945980652341409,0.133507405187912
"06","0618","NANGARHAR","Shinwar",4807,0,183,0,1488,0,132,1095,0,594,458,8759,8757,-2,"ERROR",0.0678314491264132,0.548932282745232
"06","0619","NANGARHAR","Muhmand Dara",4269,0,40,0,13853,0,105,5300,0,1010,3801,28377,28378,1,"ERROR",0.035590950736486,0.150433434350553
"06","0620","NANGARHAR","Lalpur",2437,0,28,0,33055,0,0,7505,0,354,2973,46353,46352,-1,"ERROR",0.00763721090783569,0.0525759406282361
"06","0621","NANGARHAR","Nazyan",983,0,3,0,3614,0,3753,12720,0,61,496,21630,21630,0,"OK",0.00282015718908923,0.0454461396208969
"06","0622","NANGARHAR","Dur Baba",722,1,0,0,9731,0,4522,11490,0,119,1367,27951,27952,1,"ERROR",0.00425729822552948,0.0258299942759015
"07","0701","LAGHMAN","Mehtarlam",6630,0,150,0,24535,0,2722,35091,0,988,1773,71889,71889,0,"OK",0.0137434099792736,0.0922255143345992
"07","0702","LAGHMAN","Alishang",2958,12,254,3,2727,0,31813,28245,0,272,726,67009,67010,1,"ERROR",0.00405909565736457,0.0441426652738397
"07","0703","LAGHMAN","Qarghayi",6011,0,24,1,30318,0,6434,41120,0,736,4019,88662,88663,1,"ERROR",0.00830109515807045,0.0677960366782085
"07","0704","LAGHMAN","Alingar",4017,9,240,0,11109,0,33623,31676,0,365,765,81804,81804,0,"OK",0.00446188450442521,0.0491051782308934
"07","0705","LAGHMAN","Dawlat Shah",2260,11,33,0,114,0,23027,47783,2,83,872,74185,74185,0,"OK",0.00111882456022107,0.0304643795915616
"08","0801","PANJSHER","Bazarak",703,0,235,0,78,0,66,25750,7176,79,371,43458,34458,-9000,"ERROR",0.0022926461199141,0.0204016483835394
"08","0802","PANJSHER","Shutul",141,0,39,0,1634,0,1747,15675,3255,16,103,22609,22610,1,"ERROR",0.00070765148164529,0.00623617868199912
"08","0803","PANJSHER","Rukha",660,0,259,0,0,0,0,14721,467,64,180,16351,16351,0,"OK",0.00391413369212892,0.0403645037000795
"08","0804","PANJSHER","Dara",1613,0,226,0,11,0,0,65511,3218,88,548,71216,71215,-1,"ERROR",0.00123569472723443,0.0226497226707856
"08","0805","PANJSHER","Khenj (Hes-e-Awal)",2807,669,381,0,180,0,0,59760,3997,83,554,68431,68431,0,"OK",0.00121290058599173,0.0410194210226359
"08","0806","PANJSHER","Onaba (Anawa)",1120,0,283,0,0,0,1298,14908,3,117,111,17840,17840,0,"OK",0.00655829596412556,0.062780269058296
"08","0807","PANJSHER","Paryan",2257,126,27,0,6731,0,0,123472,7358,18,2093,142082,142082,0,"OK",0.000126687405864219,0.0158851930575302
"09","0901","BAGHLAN","Pul-e-Khumri",12699,2548,144,0,7615,0,713,26379,0,2185,982,53263,53265,2,"ERROR",0.0410213085515817,0.238411715009856
"09","0902","BAGHLAN","Baghlan-e-Jadid",27589,26804,220,0,36958,1328,1252,159156,0,2573,3765,259644,259645,1,"ERROR",0.00990968437674517,0.106256619615244
"09","0903","BAGHLAN","Dahana-e-Ghori",13449,49843,228,0,660,0,2451,76878,0,858,976,145344,145343,-1,"ERROR",0.00590327707560736,0.0925328361186985
"09","0904","BAGHLAN","Doshi",6461,13812,183,0,29122,0,10024,129561,152,1391,3543,194249,194249,0,"OK",0.00716091202528713,0.033261432491287
"09","0905","BAGHLAN","Nahrin",6308,24997,154,0,636,0,3453,60292,1,763,1780,98383,98384,1,"ERROR",0.00775532606927956,0.0641161164416978
"09","0906","BAGHLAN","Tala Wa Barfak",3147,2758,126,0,37768,0,4693,217922,18839,412,2288,287954,287953,-1,"ERROR",0.00143078905238008,0.0109288668636896
"09","0907","BAGHLAN","Khenjan",2061,258,618,0,9394,0,15942,61520,10808,273,784,101658,101658,0,"OK",0.00268547482736233,0.0202738594109662
"09","0908","BAGHLAN","Andarab",2560,6194,312,0,2121,0,9539,75037,5280,172,772,101988,101987,-1,"ERROR",0.00168648945453832,0.0251012383931285
"09","0909","BAGHLAN","Khwaja Hejran",2060,5147,238,0,189,0,5225,51457,0,131,875,65322,65322,0,"OK",0.00200544992498699,0.0315360827898717
"09","0910","BAGHLAN","Burka",1583,35857,100,0,875,0,2887,40415,0,874,981,83572,83572,0,"OK",0.0104580481500981,0.0189417508256354
"09","0911","BAGHLAN","Pul-e-Hesar",3749,1013,220,0,653,0,1502,66580,14600,86,460,88864,88863,-1,"ERROR",0.000967781866468609,0.0421885374115211
"09","0912","BAGHLAN","Deh Salah",3631,4094,467,0,88,0,0,36096,0,232,709,45316,45317,1,"ERROR",0.0051194915815257,0.0801244566056888
"09","0913","BAGHLAN","Khost Wa Fereng",8967,1161,623,0,5657,0,2133,151464,16103,475,2427,189010,189010,0,"OK",0.00251309454526216,0.0474419342891911
"09","0914","BAGHLAN","Guzargah-e-Nur",631,1457,190,0,2807,0,4562,31579,38,29,423,41715,41716,1,"ERROR",0.000695176910537923,0.015126090708601
"09","0915","BAGHLAN","Fereng Wa Gharu",2268,1923,123,0,877,0,0,18425,212,97,124,24049,24049,0,"OK",0.00403343174352364,0.0943074556114599
"10","1001","BAMYAN","Bamyan",10849,119,469,0,31768,0,0,123509,10185,648,2186,179731,179733,2,"ERROR",0.00360534793276694,0.0603617588311551
"10","1002","BAMYAN","Sayghan",3072,4198,219,0,26688,0,9,138270,0,201,556,173213,173213,0,"OK",0.00116042098456813,0.0177353893760861
"10","1003","BAMYAN","Yakawlang",13594,925,30,0,29341,0,0,623509,4941,527,4991,677858,677858,0,"OK",0.000777448964237348,0.0200543476657353
"10","1004","BAMYAN","Panjab",8345,3733,16,0,544,0,0,173892,267,159,1211,188167,188167,0,"OK",0.000844994074412623,0.0443489028363103
"10","1005","BAMYAN","Shibar",3536,5235,176,0,17913,0,4,100692,1509,161,613,129839,129839,0,"OK",0.00123999722733539,0.0272337279245835
"10","1006","BAMYAN","Kahmard",2989,1104,936,0,25543,0,252,109436,0,274,200,140733,140734,1,"ERROR",0.00194693535321955,0.0212386487984425
"10","1007","BAMYAN","Waras",16958,670,100,0,5558,0,59,274844,362,238,878,299669,299667,-2,"ERROR",0.000794214911885526,0.0565894809905662
"11","1101","GHAZNI","Ghazni",10539,1882,634,1522,3987,0,27,13534,0,3066,770,35963,35961,-2,"ERROR",0.0852590306165012,0.293067489780596
"11","1102","GHAZNI","Khwaja Umari",1904,741,499,0,2524,0,28,14832,0,239,141,20906,20908,2,"ERROR",0.0114310311842357,0.091065620814999
"11","1103","GHAZNI","Wali Muhammad-",2207,0,129,83,458,0,0,10926,0,204,70,14078,14077,-1,"ERROR",0.0144917240889394,0.156780564040634
"11","1104","GHAZNI","Waghaz",7129,354,272,249,4758,0,23,25363,0,531,486,39166,39165,-1,"ERROR",0.0135580237456913,0.182024767011362
"11","1105","GHAZNI","Andar",36837,16,402,2029,12855,0,80,15257,0,1864,1533,70874,70873,-1,"ERROR",0.0263005658007986,0.519760698714602
"11","1106","GHAZNI","Deh Yak",20706,782,506,373,8537,0,231,40352,0,822,47,72357,72356,-1,"ERROR",0.0113604953286528,0.286168389629056
"11","1107","GHAZNI","Zana Khan",1589,1368,58,0,846,0,29,25804,0,182,296,30173,30172,-1,"ERROR",0.00603208272570595,0.0526647222590481
"11","1108","GHAZNI","Rashidan",4746,206,52,0,1223,0,9,31794,0,408,355,38794,38793,-1,"ERROR",0.0105173613796303,0.122341659577759
"11","1109","GHAZNI","Jaghatu",9681,1746,133,8,57,0,281,52776,0,294,399,65375,65375,0,"OK",0.00449713193116635,0.14808413001912
"11","1110","GHAZNI","Qarabagh",26853,7384,807,1276,25406,0,476,97576,0,2211,2654,164643,164643,0,"OK",0.0134290555930103,0.163098340044824
"11","1111","GHAZNI","Giro",19488,1037,45,478,19021,0,58,45577,0,861,1942,88508,88507,-1,"ERROR",0.00972804410950546,0.220185973990758
"11","1112","GHAZNI","Nawur",19121,16929,103,1,5192,0,5017,439074,0,550,35572,521559,521559,0,"OK",0.00105453074340583,0.0366612406266597
"11","1113","GHAZNI","Jaghuri",15831,341,2585,1,2173,0,36,185542,0,1045,1721,209274,209275,1,"ERROR",0.0049934296977661,0.0756468761199379
"11","1114","GHAZNI","Muqur",12264,9058,150,675,8640,0,119,52348,0,740,2647,86641,86641,0,"OK",0.00854099098579195,0.141549612769936
"11","1115","GHAZNI","Ab Band",13996,3802,79,406,15746,0,180,63460,0,739,2132,100539,100540,1,"ERROR",0.00735030833499105,0.139208275313308
"11","1116","GHAZNI","Ajrestan",7202,1001,80,0,8147,0,776,132662,0,170,2245,152283,152283,0,"OK",0.0011163425989769,0.047293525869598
"11","1117","GHAZNI","Malestan",7665,296,334,0,273,0,35,166967,0,650,1796,178016,178016,0,"OK",0.00365135718137695,0.0430579273773144
"11","1118","GHAZNI","Gelan",29662,3728,608,2673,14680,0,242,55877,0,1056,2550,111075,111076,1,"ERROR",0.00950700421333141,0.267042385393784
"11","1119","GHAZNI","Nawa",19935,42,668,399,37049,0,2732,78498,0,875,26364,166562,166562,0,"OK",0.0052532990718171,0.119685162281913
"12","1201","PAKTYA","Gardez",15808,457,304,25,2733,0,2133,46893,0,1824,610,70788,70787,-1,"ERROR",0.0257674431745942,0.223317840846483
"12","1202","PAKTYA","Sayedkaram",9086,1947,23,0,148,0,5889,27638,0,288,122,45140,45141,1,"ERROR",0.00638000930418024,0.201280432422853
"12","1203","PAKTYA","Ahmadaba",5426,1221,42,0,195,0,2232,31987,0,373,152,41627,41628,1,"ERROR",0.00896031517248006,0.130344960122994
"12","1204","PAKTYA","Zurmat",26868,594,268,259,14547,0,2794,93964,0,1206,881,141381,141381,0,"OK",0.00853014195684003,0.19003968001358
"12","1205","PAKTYA","Shawak",182,0,0,0,0,0,4024,6417,0,0,77,10699,10700,1,"ERROR",0,0.0170093457943925
"12","1206","PAKTYA","Zadran",718,0,5,0,0,0,20949,28282,0,26,332,50312,50312,0,"OK",0.000516775321990778,0.0142709492765145
"12","1207","PAKTYA","Lija Ahmad Khel",1533,127,31,0,4,0,16786,23365,0,92,335,42273,42273,0,"OK",0.0021763300451825,0.0362642821659215
"12","1208","PAKTYA","Alikhel (Jaji)",5356,292,35,0,1300,0,21887,30326,0,168,843,60208,60207,-1,"ERROR",0.00279037321241716,0.0889597555101566
"12","1209","PAKTYA","Janikhel",707,6,0,0,0,0,7796,5912,0,44,34,14498,14499,1,"ERROR",0.00303469204772743,0.0487619835850748
"12","1210","PAKTYA","Chamkani",2290,7,20,0,0,0,14329,12548,0,447,484,30124,30125,1,"ERROR",0.0148381742738589,0.0760165975103734
"12","1211","PAKTYA","Dand Wa Patan",2145,0,3,0,0,0,8401,9284,0,199,403,20436,20435,-1,"ERROR",0.00973819427452899,0.104966968436506
"13","1301","KUNAR","Asad Abad",1081,0,42,0,228,0,2010,4397,0,369,343,8468,8470,2,"ERROR",0.0435655253837072,0.127626918536009
"13","1302","KUNAR","Wata Pur",1821,0,2,0,1,0,13041,10140,0,93,140,25238,25238,0,"OK",0.00368491956573421,0.0721531024645376
"13","1303","KUNAR","Narang",1432,0,13,0,247,0,12817,3702,0,264,458,18934,18933,-1,"ERROR",0.0139439074631596,0.0756351344213807
"13","1304","KUNAR","Sarkani",2461,0,15,0,1491,0,8119,6835,0,205,717,19843,19843,0,"OK",0.010331099128156,0.124023585143375
"13","1305","KUNAR","Marawara",1457,0,0,0,40,0,9506,3421,0,53,193,14670,14670,0,"OK",0.00361281526925699,0.0993183367416496
"13","1306","KUNAR","Shigal Wa Sheltan",2351,0,5,0,0,0,29213,12078,0,101,214,43962,43962,0,"OK",0.00229743869705655,0.0534780037304945
"13","1307","KUNAR","Dara-e-Pech",1707,0,26,0,0,0,42053,10698,0,187,257,54927,54928,1,"ERROR",0.00340445674337314,0.0310770463151762
"13","1308","KUNAR","Chawkay",1416,0,1,0,407,0,16590,4709,0,192,1207,24522,24522,0,"OK",0.00782970393931979,0.0577440665524835
"13","1309","KUNAR","Khas Kunar",6129,57,147,0,6174,0,10074,11957,0,316,1660,36515,36514,-1,"ERROR",0.00865421482171222,0.167853426083146
"13","1310","KUNAR","Dangam",1333,0,3,0,119,0,15160,3545,0,35,134,20328,20329,1,"ERROR",0.00172167839047666,0.0655713512715825
"13","1311","KUNAR","Bar Kunar",949,0,0,0,149,0,11707,3836,0,25,212,16878,16878,0,"OK",0.00148121815380969,0.0562270411186159
"13","1312","KUNAR","Ghazi Abad",1644,0,0,0,287,0,43474,10410,0,28,263,56107,56106,-1,"ERROR",0.000499055359498093,0.0293016789648166
"13","1313","KUNAR","Chapa Dara",1613,0,34,0,210,0,44052,13678,0,93,362,60042,60042,0,"OK",0.00154891575896872,0.0268645281636188
"13","1314","KUNAR","Nurgal",1416,0,19,4,3312,0,17543,7550,0,152,798,30793,30794,1,"ERROR",0.00493602649866857,0.045982983698123
"13","1315","KUNAR","Nari",2205,0,0,0,111,0,40900,9852,0,117,412,53597,53597,0,"OK",0.00218295800138067,0.0411403623337127
"14","1401","NURISTAN","Poruns",949,0,29,0,5717,0,16408,117139,1008,21,1413,142684,142684,0,"OK",0.000147178380196799,0.00665106108603628
"14","1402","NURISTAN","Mandol",2046,0,174,0,6034,0,23323,169757,1708,24,997,204064,204063,-1,"ERROR",0.000117610737860367,0.0100263154025963
"14","1403","NURISTAN","Duab",674,0,21,0,135,0,31775,23355,0,14,447,56422,56421,-1,"ERROR",0.000248134559827015,0.0119459066659577
"14","1404","NURISTAN","Nurgeram",642,1,0,1,1883,0,50909,44048,0,30,316,97833,97830,-3,"ERROR",0.000306654400490647,0.00656240417049985
"14","1405","NURISTAN","Wama",481,0,39,0,1203,0,17385,8953,0,21,63,28145,28145,0,"OK",0.00074613608100906,0.0170900692840647
"14","1406","NURISTAN","Waygal",1054,0,18,0,2636,0,34457,37344,0,16,59,75584,75584,0,"OK",0.000211685012701101,0.013944750211685
"14","1407","NURISTAN","Kamdesh",1442,0,0,0,4902,0,46219,69002,138,21,486,122211,122210,-1,"ERROR",0.000171835365354717,0.0117993617543573
"14","1408","NURISTAN","Barg-e-Mata",1643,403,143,0,32912,0,11430,109564,13999,22,1612,171729,171728,-1,"ERROR",0.000128109568620143,0.00956745551104072
"15","1501","BADAKHSHAN","Fayz Abad",912,18015,283,0,0,0,221,29072,0,439,440,49383,49382,-1,"ERROR",0.0088898789032441,0.018468267789883
"15","1502","BADAKHSHAN","Yaftal-e-Sufla",374,22438,230,0,752,0,409,34565,0,125,1396,60289,60289,0,"OK",0.00207334671333079,0.00620345336628572
"15","1503","BADAKHSHAN","Argo",2526,52438,232,0,728,0,83,47403,0,1019,976,105405,105405,0,"OK",0.00966747308002467,0.0239647075565675
"15","1504","BADAKHSHAN","Arghanj Khwa",244,4591,56,0,0,0,78,67174,0,32,911,73087,73086,-1,"ERROR",0.000437840352461484,0.00333853268751881
"15","1505","BADAKHSHAN","Kohestan",17,15603,38,0,0,0,0,33300,0,74,190,49222,49222,0,"OK",0.00150339279184105,0.000345374019747267
"15","1506","BADAKHSHAN","Raghestan",452,24971,44,0,700,0,910,99475,1194,110,1883,129739,129739,0,"OK",0.000847856080284263,0.00348391771171352
"15","1507","BADAKHSHAN","Yawan",61,10075,234,0,4,0,1664,31138,0,175,839,44190,44190,0,"OK",0.0039601719846119,0.00138040280606472
"15","1508","BADAKHSHAN","Shahr-e-Buzorg",344,20581,240,0,1451,0,359,73473,0,173,1116,97738,97737,-1,"ERROR",0.00177005637578399,0.00351964967207915
"15","1509","BADAKHSHAN","Teshkan",156,14741,337,0,1231,0,4564,62715,0,176,379,84300,84299,-1,"ERROR",0.00208780649829773,0.0018505557598548
"15","1510","BADAKHSHAN","Darayem",1995,23794,172,0,7,0,3,29155,4,330,595,56057,56055,-2,"ERROR",0.00588707519400589,0.0355900454910356
"15","1511","BADAKHSHAN","Khash",2076,4290,56,0,1,0,0,18785,0,98,214,25519,25520,1,"ERROR",0.00384012539184953,0.0813479623824451
"15","1512","BADAKHSHAN","Baharak",5770,2755,591,0,440,0,594,21486,0,144,572,32352,32352,0,"OK",0.00445103857566766,0.178350642927794
"15","1513","BADAKHSHAN","Shuhada",2354,5490,975,0,8208,0,2448,130948,2785,86,2467,155761,155761,0,"OK",0.000552127939599771,0.0151128973234635
"15","1514","BADAKHSHAN","Shighnan",3976,2984,670,0,22464,79,62,293790,21971,80,6823,352899,352899,0,"OK",0.000226693756570577,0.0112666797015577
"15","1515","BADAKHSHAN","Darwaz-e-Balla",2319,2458,783,0,6736,0,169,102662,17337,44,1134,133641,133642,1,"ERROR",0.000329237814459526,0.0173523293575373
"15","1516","BADAKHSHAN","Kof Ab",810,4911,234,0,4539,0,369,117312,8131,33,5499,141838,141838,0,"OK",0.000232659794977369,0.00571074042217177
"15","1517","BADAKHSHAN","Khwahan",89,8648,236,0,2,0,1408,60666,0,78,2385,73512,73512,0,"OK",0.00106105125693764,0.00121068669060834
"15","1518","BADAKHSHAN","Keshem",3776,30542,507,0,502,0,1312,38647,0,770,921,76977,76977,0,"OK",0.0100029879054783,0.0490536134169947
"15","1519","BADAKHSHAN","Tagab",1218,6538,277,0,16054,0,5352,104900,4883,113,653,139988,139988,0,"OK",0.000807212046746864,0.00870074577820956
"15","1520","BADAKHSHAN","Yamgan",2599,10802,352,0,21472,0,78,135755,4071,78,896,176105,176103,-2,"ERROR",0.000442922607792031,0.0147584084314293
"15","1521","BADAKHSHAN","Jorm",3884,11987,753,0,3012,0,0,101774,493,267,535,122705,122705,0,"OK",0.0021759504502669,0.031653151868302
"15","1522","BADAKHSHAN","Warduj",2719,2627,389,0,12277,0,1738,66097,1924,124,782,88678,88677,-1,"ERROR",0.00139833327694893,0.0306618401614849
"15","1523","BADAKHSHAN","Eshkashem",5082,603,92,0,20250,0,13,78050,5881,71,3390,113431,113432,1,"ERROR",0.000625925664715424,0.0448021722265322
"15","1524","BADAKHSHAN","Darwaz",1979,6386,526,0,8713,0,82,86492,16907,78,1238,122400,122401,1,"ERROR",0.000637249695672421,0.0161681685607144
"15","1525","BADAKHSHAN","Shaki",983,2366,342,0,2156,0,872,51914,2803,50,589,62074,62075,1,"ERROR",0.000805477245267821,0.0158356826419654
"15","1526","BADAKHSHAN","Koran wa Monjan",2520,50,51,0,187897,0,415,276109,49439,22,5331,521834,521834,0,"OK",0.0000421590007550294,0.004829121904667
"15","1527","BADAKHSHAN","Zebak",1951,85,13,0,63182,0,13,79868,12659,31,4289,162092,162091,-1,"ERROR",0.000191250593802247,0.0120364486615543
"15","1528","BADAKHSHAN","Wakhan",4768,17,27,0,457645,0,7168,415137,174340,140,35550,1094792,1094792,0,"OK",0.000127878172292088,0.00435516518206198
"16","1601","TAKHAR","Talogan",13359,49921,385,0,1650,0,99,13510,10,2445,3406,84783,84785,2,"ERROR",0.0288376481688978,0.157563248216076
"16","1602","TAKHAR","Hazar Sumuch",53,24646,4,0,1138,0,27,8065,0,371,265,34571,34569,-2,"ERROR",0.0107321588706645,0.00153316555295207
"16","1603","TAKHAR","Baharak",6739,13506,125,0,42,0,0,3001,0,582,334,24329,24329,0,"OK",0.0239220683135353,0.276994533273049
"16","1604","TAKHAR","Bangi",2564,36908,158,0,746,0,105,17916,0,668,1234,60299,60299,0,"OK",0.0110781273321282,0.0425214348496658
"16","1605","TAKHAR","Chal",292,14046,253,0,58,0,2476,14411,0,278,800,32614,32614,0,"OK",0.0085239467713252,0.00895321027779481
"16","1606","TAKHAR","Namakab",198,14798,112,0,4185,0,2051,32116,609,162,511,54742,54742,0,"OK",0.00295933652405831,0.00361696686273793
"16","1607","TAKHAR","Farkhar",2961,15312,573,0,5729,0,12031,86745,315,283,1592,125541,125541,0,"OK",0.00225424363355398,0.0235859201376443
"16","1608","TAKHAR","Kalafgan",1955,27213,116,0,2925,0,0,14127,0,376,657,47369,47369,0,"OK",0.00793768076167958,0.0412717177901159
"16","1609","TAKHAR","Rostaq",2139,106900,560,93,3994,0,541,63792,0,1965,6259,186242,186243,1,"ERROR",0.0105507321080524,0.0114849954092234
"16","1610","TAKHAR","Chahab",536,33580,93,0,1097,0,2203,31820,0,790,5972,76092,76091,-1,"ERROR",0.0103823053974846,0.00704419707981233
"16","1611","TAKHAR","Yangi Qala",6136,9388,248,0,0,0,314,4837,0,532,4693,26148,26148,0,"OK",0.0203457243383815,0.234664219060731
"16","1612","TAKHAR","Khwaja Bahawuddin",4567,7234,54,0,0,0,283,7574,0,741,814,21267,21267,0,"OK",0.0348427140640429,0.214745850378521
"16","1613","TAKHAR","Dasht-e-Qala",5936,14027,80,0,86,0,32,6352,0,920,5405,32839,32838,-1,"ERROR",0.0280163225531397,0.180766185516779
"16","1614","TAKHAR","Khwaja Ghar",7348,24879,34,0,853,0,133,4378,0,814,287,38727,38726,-1,"ERROR",0.0210194701234313,0.189743324898001
"16","1615","TAKHAR","Eshkmesh",6274,25369,412,11,1713,0,6387,37297,0,897,1516,79875,79876,1,"ERROR",0.01122990635485,0.0785467474585608
"16","1616","TAKHAR","Warsaj",4359,931,548,0,55191,0,270,184160,22573,168,1596,269795,269796,1,"ERROR",0.000622692701151982,0.0161566516923898
"16","1617","TAKHAR","Darqad",17239,0,60,0,10,0,0,642,0,326,18440,36717,36717,0,"OK",0.00887872102840646,0.469510036223003
"17","1701","KUNDUZ","Kunduz",29880,2145,67,146,5576,6132,0,11192,0,3783,2707,61627,61628,1,"ERROR",0.0613844356461349,0.484844551178036
"17","1702","KUNDUZ","Emam Saheb",47643,2529,147,3,10944,43177,0,28789,0,2050,24666,159948,159948,0,"OK",0.0128166654162603,0.297865556305799
"17","1703","KUNDUZ","Qala-e-Zal",16556,0,141,0,6770,150586,0,21068,0,529,16509,212158,212159,1,"ERROR",0.00249341295914856,0.0780358127630692
"17","1704","KUNDUZ","Char Darah",14854,0,1028,14,21366,23134,75,58070,0,911,1929,121381,121381,0,"OK",0.00750529325017919,0.122375001029815
"17","1705","KUNDUZ","Ali Abad",6655,11596,17,50,5146,177,333,16128,0,997,516,41615,41615,0,"OK",0.0239577075573711,0.159918298690376
"17","1706","KUNDUZ","Khan Abad",15465,50986,97,0,3100,0,1959,32018,0,1992,1879,107495,107496,1,"ERROR",0.0185309220808216,0.143865818263005
"17","1707","KUNDUZ","Dasht-e-Archi",20084,26840,24,0,12442,4,638,24405,0,1122,570,86130,86129,-1,"ERROR",0.0130269711711503,0.233185106061837
"18","1801","BALKH","Mazar-e-Sharif",224,0,131,0,57,0,0,0,0,2395,0,2807,2807,0,"OK",0.853224082650517,0.0798004987531172
"18","1802","BALKH","Nahr-e-Shahi",28858,7749,153,3,2329,38916,6,25005,0,6938,4504,114460,114461,1,"ERROR",0.0606145324608382,0.25212080970811
"18","1803","BALKH","Shortepa",8396,0,171,0,6,105185,0,4115,0,261,27915,146049,146049,0,"OK",0.00178707146231744,0.0574875555464262
"18","1804","BALKH","Dawlat Abad",63212,0,384,513,131,87627,0,8312,0,1433,2687,164300,164299,-1,"ERROR",0.00872190335911965,0.384737582091187
"18","1805","BALKH","Balkh",38466,0,893,4,120,5020,0,3347,0,1449,4759,54059,54058,-1,"ERROR",0.0268045432683414,0.711569055458952
"18","1806","BALKH","Deh Dadi",8814,7639,236,2,1254,0,27,5216,0,2263,423,25873,25874,1,"ERROR",0.0874623173842467,0.340650846409523
"18","1807","BALKH","Char Kent",3401,45870,66,0,1085,0,1168,55277,0,406,372,107645,107645,0,"OK",0.00377165683496679,0.0315945933392169
"18","1808","BALKH","Marmul",1509,9638,159,0,14702,250,2610,25684,0,916,619,56086,56087,1,"ERROR",0.0163317702854494,0.0269046303064881
"18","1809","BALKH","Khulm",33152,978,1334,0,28921,168307,1111,62825,0,567,3867,301062,301062,0,"OK",0.00188333300117584,0.110116853007022
"18","1810","BALKH","Kaldar",4999,0,0,0,0,66876,0,1810,0,64,9476,83225,83225,0,"OK",0.000768999699609492,0.0600660859116852
"18","1811","BALKH","Sharak-e-Hayratan",1066,0,3,0,0,3947,0,218,0,347,2647,8228,8228,0,"OK",0.0421730675741371,0.129557608167234
"18","1812","BALKH","Char Bulak",41778,0,75,0,88,4092,0,2166,0,1189,2186,51573,51574,1,"ERROR",0.0230542521425524,0.810059332221662
"18","1813","BALKH","Chemtal",22719,44408,189,1,14766,585,0,94206,0,1720,2359,180953,180953,0,"OK",0.00950523064000044,0.125551938901262
"18","1814","BALKH","Sholgareh",6866,77283,166,62,9277,0,570,81153,0,1728,1977,179084,179082,-2,"ERROR",0.00964921097597748,0.0383399783339476
"18","1815","BALKH","Keshendeh",516,48054,90,0,1327,0,1166,65184,0,662,1172,118170,118171,1,"ERROR",0.00560205126469269,0.00436655355374838
"18","1816","BALKH","Zari",2031,30073,173,0,0,0,161,49837,0,500,574,83348,83349,1,"ERROR",0.00599887221202414,0.0243674189252421
"19","1901","SAMANGAN","Aybak",5342,31003,778,0,10942,0,1478,97928,0,1210,242,148923,148923,0,"OK",0.00812500419679969,0.0358708862969454
"19","1902","SAMANGAN","Hazrat-e-Sultan",6955,33584,234,8,28664,0,478,76966,0,1160,547,148597,148596,-1,"ERROR",0.0078064012490242,0.0468047592128994
"19","1903","SAMANGAN","Feroz Nakhchir",1576,9949,41,552,28673,0,0,77130,0,176,434,118530,118531,1,"ERROR",0.00148484362740549,0.0132960997544946
"19","1904","SAMANGAN","Dara-e-Suf-e-",342,64711,30,0,1566,0,515,65261,0,758,953,134136,134136,0,"OK",0.00565098109381523,0.00254965110037574
"19","1905","SAMANGAN","Dar-e-Suf-e-Bala",6244,32419,266,0,6075,0,3554,238369,0,463,1641,289032,289031,-1,"ERROR",0.00160190429400307,0.0216032190318686
"19","1906","SAMANGAN","Khuram Wa",2303,70138,89,0,2142,0,5384,132406,0,297,744,213502,213503,1,"ERROR",0.0013910811557683,0.0107867336758734
"19","1907","SAMANGAN","Ruy-e-Duab",4427,42605,21,0,531,0,497,189544,0,442,472,238539,238539,0,"OK",0.00185294647835364,0.0185588100897547
"20","2001","SARIPUL","Sari Pul",14947,51408,541,871,3338,0,1034,129626,0,2081,1472,205317,205318,1,"ERROR",0.0101354971312793,0.0727992674777662
"20","2002","SARIPUL","Sayad",2041,46570,21,0,82,0,250,83096,0,615,845,133520,133520,0,"OK",0.00460605152786099,0.0152860994607549
"20","2003","SARIPUL","Kohestanat",11479,82171,480,411,14937,0,886,502577,0,789,2734,616464,616464,0,"OK",0.00127988009032158,0.0186207142671754
"20","2004","SARIPUL","Sozmagqala",3405,30859,87,1626,0,0,144,21304,0,682,286,58392,58393,1,"ERROR",0.0116794821297073,0.0583117839467059
"20","2005","SARIPUL","Gosfandi",502,45367,268,1266,387,0,418,59659,0,1093,274,109233,109234,1,"ERROR",0.0100060420748119,0.00459563872054489
"20","2006","SARIPUL","Balkhab",8716,15545,448,0,26912,0,2698,241914,0,197,1338,297769,297768,-1,"ERROR",0.000661588887993337,0.0292711103946697
"20","2007","SARIPUL","Sancharak",3154,50146,193,3225,2,0,4,47649,0,1351,349,106073,106073,0,"OK",0.0127365116476389,0.0297342396274264
"21","2101","GHOR","Chaghcharan",7263,37352,84,0,35398,0,70,682188,0,1370,8361,772085,772086,1,"ERROR",0.00177441373111286,0.00940698315990706
"21","2102","GHOR","Chahar Sadra",2787,10540,226,0,4627,0,649,109980,0,269,606,129683,129684,1,"ERROR",0.00207427284784553,0.0214907004719164
"21","2103","GHOR","Dolayna",4629,10721,38,0,3157,0,66,440689,0,358,8167,467823,467825,2,"ERROR",0.000765243413669641,0.00989472559183455
"21","2104","GHOR","Dawlat Yar",3854,13462,8,0,225,0,0,149104,0,334,3124,170111,170111,0,"OK",0.00196342388205348,0.0226557953336351
"21","2105","GHOR","Shahrak",5597,3408,359,0,7239,0,384,412747,0,352,3987,434072,434073,1,"ERROR",0.000810923508257828,0.0128941445332928
"21","2106","GHOR","Taywarah",12066,301,160,0,30709,0,186,321434,0,597,1287,366739,366740,1,"ERROR",0.00162785624693243,0.032900692588755
"21","2107","GHOR","Pasaband",9903,6256,152,0,28883,0,3017,397660,0,249,1755,447874,447875,1,"ERROR",0.000555958693831984,0.0221110801004745
"21","2108","GHOR","Lal Wa Sarjangal",12605,8425,9,0,4145,0,0,356318,2356,573,3759,388190,388190,0,"OK",0.00147608130039414,0.0324712125505551
"21","2109","GHOR","Tolak",5250,7984,13,0,31876,0,1686,222497,0,234,1268,270807,270808,1,"ERROR",0.000864080824790996,0.0193864287613364
"21","2110","GHOR","Saghar",2396,67,230,0,47538,0,147,214891,0,216,280,265764,265765,1,"ERROR",0.000812748104528437,0.00901548360393581
"22","2201","DAYKUNDI","Nili",3892,0,657,0,8262,0,0,47029,0,143,161,60144,60144,0,"OK",0.00237762702846502,0.0647113594040968
"22","2202","DAYKUNDI","Ashtarlay",5648,466,84,3,8771,0,46,141022,0,38,546,156623,156624,1,"ERROR",0.000242619266523649,0.0360608846664624
"22","2203","DAYKUNDI","Khadir",4100,850,77,0,7221,0,558,151238,0,11,584,164638,164639,1,"ERROR",0.0000668128450731601,0.0249029695272687
"22","2204","DAYKUNDI","Kiti",5941,0,417,0,23306,0,883,64532,0,196,484,95759,95759,0,"OK",0.00204680500005221,0.0620411658434194
"22","2205","DAYKUNDI","Gizab",5360,23,2898,0,28666,0,11109,323147,0,487,3459,375150,375149,-1,"ERROR",0.00129815086805509,0.0142876563712018
"22","2206","DAYKUNDI","Shahrestan",7613,208,932,0,35303,0,628,137544,0,136,918,183283,183282,-1,"ERROR",0.000742025949083925,0.0415370849292347
"22","2207","DAYKUNDI","Sang-e-Takht",5284,8420,28,0,1719,0,14,162792,0,184,977,179417,179418,1,"ERROR",0.0010255381288388,0.0294507797433925
"22","2208","DAYKUNDI","Kajran",2836,17,333,0,22047,0,2820,104323,0,224,1085,133685,133685,0,"OK",0.00167558065601975,0.0212140479485357
"22","2209","DAYKUNDI","Miramor",8351,24,866,2,33557,0,344,185151,49,343,470,229156,229157,1,"ERROR",0.00149679041006821,0.0364422644737014
"23","2301","URUZGAN","Tirinkot",13091,1023,3514,0,60576,0,3385,90668,0,1761,2193,176210,176211,1,"ERROR",0.00999370073377939,0.074291616300912
"23","2302","URUZGAN","Chora",8631,447,3242,0,34983,0,7467,246508,0,395,1718,303392,303391,-1,"ERROR",0.00130195028857151,0.0284484378244575
"23","2303","URUZGAN","Shahid-e-Hassas",8399,41,521,0,17815,0,48,154623,0,578,3811,185835,185836,1,"ERROR",0.00311026926967864,0.0451957640069739
"23","2304","URUZGAN","Dehrawud",9439,0,298,4,25730,0,3386,104530,0,1072,6373,160832,150832,-10000,"ERROR",0.00710724514691843,0.0625795587143312
"23","2305","URUZGAN","Khasuruzgan",11568,136,2985,18,9723,0,1442,229854,0,370,3836,259931,259932,1,"ERROR",0.00142344920979333,0.0445039471861872
"24","2401","ZABUL","Qalat",9508,8686,1192,1152,33902,0,112,124038,0,1181,3845,183615,183616,1,"ERROR",0.00643190135935866,0.0517819797838968
"24","2402","ZABUL","Arghandab",3794,112,2032,2,52579,0,5,90365,0,383,1427,150700,150699,-1,"ERROR",0.00254148998998003,0.0251760131122303
"24","2403","ZABUL","Mizan",3160,1660,812,2,25044,0,1969,78423,0,116,653,111841,111839,-2,"ERROR",0.00103720526828745,0.0282549021361064
"24","2404","ZABUL","Tarnak Wa Jaldak",7908,5314,129,412,56675,0,2622,72023,0,205,4977,150265,150265,0,"OK",0.00136425648021828,0.0526270255881276
"24","2405","ZABUL","Shinkay",11086,829,908,347,66105,0,3429,140502,0,500,5214,228919,228920,1,"ERROR",0.00218416914205836,0.048427398217718
"24","2406","ZABUL","Shahjoy",26297,4638,1684,3128,23341,0,680,108094,0,1290,2706,171858,171858,0,"OK",0.00750619697657368,0.153015861932526
"24","2407","ZABUL","Kakar",5978,77,2280,0,14753,0,0,82843,0,360,1881,108171,108172,1,"ERROR",0.00332803313241874,0.055263839071109
"24","2408","ZABUL","Daychopan",6917,27,2768,5,8093,0,0,145349,0,88,796,164045,164043,-2,"ERROR",0.000536444712666801,0.0421657736081393
"24","2409","ZABUL","Atghar",3949,0,296,146,20786,0,4,23920,0,141,975,50217,50217,0,"OK",0.00280781408686301,0.0786387080072485
"24","2410","ZABUL","Shomulzay",10549,48,556,28,22808,99,14555,235870,0,176,4284,288973,288973,0,"OK",0.000609053440978915,0.0365051406186737
"24","2411","ZABUL","Nawbahar",10768,0,701,307,43207,0,9,63908,0,351,7162,126413,126413,0,"OK",0.00277661316478527,0.0851811127020164
"25","2501","PAKTIKA","Sharan",10922,97,387,314,9783,391,125,28143,0,1192,2331,53685,53685,0,"OK",0.0222035950451709,0.203446027754494
"25","2502","PAKTIKA","Mata Khan",8997,6,31,55,6156,284,225,25974,0,289,276,42294,42293,-1,"ERROR",0.00683328210342137,0.212730239046651
"25","2503","PAKTIKA","Yosufkhel",5319,283,68,113,6182,0,26,38797,0,333,1127,52247,52248,1,"ERROR",0.00637344970142398,0.101802939825448
"25","2504","PAKTIKA","Sarrawzah",1483,790,7,0,3107,0,10451,51009,0,226,100,67173,67173,0,"OK",0.00336444702484629,0.0220773227338365
"25","2505","PAKTIKA","Zarghun Shahr",9597,24,34,36,3838,0,27,31723,0,543,1541,47363,47363,0,"OK",0.0114646453983067,0.202626522813166
"25","2506","PAKTIKA","Yahyakhel",10115,0,96,55,1495,0,97,21600,0,284,1064,34806,34806,0,"OK",0.00815951272769063,0.290610814227432
"25","2507","PAKTIKA","Omna",2770,11,3,6,1074,0,3441,38539,0,137,183,46163,46164,1,"ERROR",0.00296768044363573,0.0600034659041677
"25","2508","PAKTIKA","Gomal",1672,187,44,0,100586,0,47273,253814,0,231,3081,406889,406888,-1,"ERROR",0.000567723796228938,0.00410923890603803
"25","2509","PAKTIKA","Sarobi",1785,2105,49,0,866,0,10009,14883,0,454,22,30172,30173,1,"ERROR",0.015046564809598,0.0591588506280449
"25","2510","PAKTIKA","Urgun",4427,0,239,0,336,0,18856,25983,0,742,538,51122,51121,-1,"ERROR",0.0145145830480624,0.0865984624713914
"25","2511","PAKTIKA","Naka",460,0,0,0,1,0,5907,5751,0,30,52,12201,12201,0,"OK",0.0024588148512417,0.0377018277190394
"25","2512","PAKTIKA","Janikhel",12276,159,107,69,15687,0,2332,65433,0,779,2017,98859,98859,0,"OK",0.00787990977048119,0.1241768579492
"25","2513","PAKTIKA","Wazakhah",12360,649,339,12,30642,0,17164,112895,0,1076,762,175901,175899,-2,"ERROR",0.00611714677172696,0.0702675967458598
"25","2514","PAKTIKA","Wormamay",9546,105,52,1,13153,525,86101,200257,0,205,8701,318646,318646,0,"OK",0.000643347162682099,0.0299580098290893
"25","2515","PAKTIKA","Bermel",11355,87,432,0,2327,0,50698,62877,0,975,1146,129896,129897,1,"ERROR",0.00750594701956165,0.0874154137508949
"25","2516","PAKTIKA","Gyan",412,0,2,0,473,0,7364,13926,0,147,135,22459,22459,0,"OK",0.00654526025201478,0.0183445389376197
"25","2517","PAKTIKA","Ziruk",400,0,0,0,1,0,14912,5580,0,64,427,21384,21384,0,"OK",0.00299289188178077,0.0187055742611298
"25","2518","PAKTIKA","Dila",37934,4752,128,69,25800,0,621,76895,0,875,6061,153135,153135,0,"OK",0.00571391256081235,0.247716067522121
"25","2519","PAKTIKA","Turwo (Tarwe]",7318,389,4,2,1774,472,30011,99808,0,60,2467,142306,142305,-1,"ERROR",0.000421629598397808,0.0514247566845859
"26","2601","KHOST","Khost (Matun)",12586,2,81,0,2310,0,6307,22851,0,3189,1793,49119,49119,0,"OK",0.0649239601783424,0.256234858201511
"26","2602","KHOST","Sabari",9355,52,4,0,0,0,8389,21105,0,1014,1427,41345,41346,1,"ERROR",0.0245247424176462,0.226261307018817
"26","2603","KHOST","Musa Khel",977,15,0,0,0,0,14841,26432,0,40,367,42673,42672,-1,"ERROR",0.000937382827146607,0.0228955755530559
"26","2604","KHOST","Nadir Shah Kot",2098,0,25,0,1091,0,7722,21729,0,335,360,33359,33360,1,"ERROR",0.0100419664268585,0.0628896882494005
"26","2605","KHOST","Mando Zayi",4824,0,30,0,1279,0,0,3731,0,1023,552,11438,11439,1,"ERROR",0.0894308943089431,0.421715184893784
"26","2606","KHOST","Tani",8924,0,14,0,1523,0,14132,17319,0,596,516,43023,43024,1,"ERROR",0.0138527333581257,0.207419114912607
"26","2607","KHOST","Gurbuz",3975,14,11,0,153,0,6967,23821,0,350,647,35937,35938,1,"ERROR",0.00973899493572263,0.110607156769993
"26","2608","KHOST","Tere Zayi",5921,0,12,0,4139,0,7989,19218,0,743,1640,39662,39662,0,"OK",0.0187332963541929,0.149286470677223
"26","2609","KHOST","Qalandar",177,10,0,0,0,0,8466,7008,0,9,27,15699,15697,-2,"ERROR",0.000573357966490412,0.0112760400076448
"26","2610","KHOST","Shamal",173,0,17,0,127,0,6843,9692,0,76,230,17159,17158,-1,"ERROR",0.00442942067840075,0.0100827602284649
"26","2611","KHOST","Spera",793,0,0,0,778,0,28236,18575,0,137,673,49193,49192,-1,"ERROR",0.00278500569198244,0.0161205073995772
"26","2612","KHOST","Bak",2968,0,1,2,52,0,3582,9817,0,285,371,17079,17078,-1,"ERROR",0.0166881367841668,0.173790842018972
"26","2613","KHOST","Jaji Maydan",1748,281,9,0,0,0,6612,23238,0,318,542,32749,32748,-1,"ERROR",0.00971051667277391,0.0533773054843044
"27","2701","JAWZJAN","Shiberghan",36979,66137,91,481,7013,42888,0,54917,0,3202,4812,216519,216520,1,"ERROR",0.0147884721965638,0.170787917975245
"27","2702","JAWZJAN","Mingajik",32734,0,6,0,0,46452,0,3759,0,718,4537,88207,88206,-1,"ERROR",0.00814003582522731,0.371108541369068
"27","2703","JAWZJAN","Khwaja Du Koh",28866,7290,12,3,0,145271,0,25079,0,845,328,207692,207694,2,"ERROR",0.004068485367897,0.138983311987828
"27","2704","JAWZJAN","Qush Tepa",1209,24809,1,21,58,0,0,61458,0,388,199,88142,88143,1,"ERROR",0.00440193776023053,0.013716347299275
"27","2705","JAWZJAN","Fayzabad",34792,10885,40,0,5803,22552,0,37931,0,768,5294,118085,118065,-20,"ERROR",0.00650489137339601,0.294685131071867
"27","2706","JAWZJAN","Khanaqa",11069,4480,9,22,0,22709,0,9657,0,438,417,48800,48801,1,"ERROR",0.00897522591750169,0.226819122558964
"27","2707","JAWZJAN","Aqcha",13770,0,49,1,8,98,0,63,0,1227,354,15568,15570,2,"ERROR",0.0788053949903661,0.884393063583815
"27","2708","JAWZJAN","Mardyan",23344,0,29,8,20,43924,0,1029,0,843,1535,70730,70732,2,"ERROR",0.0119182265452695,0.33003449640898
"27","2709","JAWZJAN","Qarquin",1964,0,5,0,2,109402,902,452,0,254,10524,123506,123505,-1,"ERROR",0.00205659689891098,0.015902190194729
"27","2710","JAWZJAN","Khamyab",1433,0,6,0,0,75329,0,2164,0,165,7831,86928,86928,0,"OK",0.00189812258420762,0.0164849070495122
"27","2711","JAWZJAN","Darzab",99,25849,92,22,0,0,107,21201,0,331,139,47839,47840,1,"ERROR",0.00691889632107023,0.00206939799331104
"28","2801","FARYAB","Maymana",2205,5942,75,90,63,0,0,5117,0,1073,186,14750,14751,1,"ERROR",0.0727408311300929,0.149481391092129
"28","2802","FARYAB","Khwaja Sabzposh",2455,18710,59,746,36,0,226,32406,0,713,298,55649,55649,0,"OK",0.0128124494600083,0.0441157972290607
"28","2803","FARYAB","Pashtun Kot",9605,106156,357,336,6749,0,0,141777,0,1913,2050,268942,268943,1,"ERROR",0.00711303138583269,0.0357138873292854
"28","2804","FARYAB","Shirin Tagab",3075,31173,42,1399,79,70,0,156586,0,1696,1938,196059,196058,-1,"ERROR",0.00865050138224403,0.0156841342867927
"28","2805","FARYAB","Almar",11784,21538,23,263,3860,0,0,118674,0,1027,1775,158944,158944,0,"OK",0.00646139520837528,0.0741393195087578
"28","2806","FARYAB","Qaysar",23612,56794,303,3807,5876,0,2549,156857,0,1727,2980,254504,254505,1,"ERROR",0.00678572130213552,0.0927761733561227
"28","2807","FARYAB","Kohestan",2802,31499,117,0,235,0,2872,192014,0,439,900,230877,230878,1,"ERROR",0.0019014371226362,0.0121362797668032
"28","2808","FARYAB","Garziwan",3534,55747,191,0,99,0,843,125363,0,747,302,186827,186826,-1,"ERROR",0.00399837281748793,0.0189159967028144
"28","2809","FARYAB","Bil Cheragh",1692,48574,94,3,465,0,145,60922,0,511,233,112639,112639,0,"OK",0.00453661697990927,0.0150214401761379
"28","2810","FARYAB","Dawlat Abad",6368,58095,18,421,4934,73775,0,120497,0,1100,7606,272813,272814,1,"ERROR",0.00403205114107047,0.0233419106057607
"28","2811","FARYAB","Andkhoy",5648,3757,14,29,131,20864,0,5960,0,1178,102,37682,37683,1,"ERROR",0.0312607807234031,0.149881909614415
"28","2812","FARYAB","Qaram Qol",8335,1666,9,4,0,70779,0,24179,0,399,1427,106799,106798,-1,"ERROR",0.00373602501919512,0.0780445326691511
"28","2813","FARYAB","Khan-e Char Bagh",21695,0,11,9,0,69915,0,2044,0,468,122,94264,94264,0,"OK",0.0049647797674616,0.23015148943393
"28","2814","FARYAB","Qorghan",9875,0,15,18,11,65040,0,5671,0,420,49,81098,81099,1,"ERROR",0.00517885547294048,0.121764756655446
"29","2901","BADGHIS","Qala-e-Naw",1479,29994,40,5,1035,0,6076,26144,0,670,237,65679,65680,1,"ERROR",0.0102009744214373,0.0225182704019488
"29","2902","BADGHIS","Muqur",4475,37364,22,0,2,0,10467,71471,0,732,1322,125856,125855,-1,"ERROR",0.00581621707520559,0.0355567915458265
"29","2903","BADGHIS","Ab Kamari",2874,46077,22,1,292,0,69331,60679,0,515,661,180451,180452,1,"ERROR",0.00285394453926806,0.0159266730210804
"29","2904","BADGHIS","Qadis",7113,107110,178,4,6375,0,6241,215713,0,1224,1292,345249,345250,1,"ERROR",0.00354525706010138,0.0206024619840695
"29","2905","BADGHIS","Jawand",2827,64769,536,0,8001,0,17883,617002,0,553,1480,713051,713051,0,"OK",0.000775540599480262,0.00396465329969385
"29","2906","BADGHIS","Bala Murghab",11419,53501,78,36,457,0,39892,334786,0,1364,3874,445407,445407,0,"OK",0.0030623676772031,0.0256372261774063
"29","2907","BADGHIS","Ghormach",12284,29753,30,28,373,0,7162,142633,0,851,2117,195229,195231,2,"ERROR",0.00435893889802337,0.0629203353975547
"30","3001","HIRAT","Herat",1568,0,67,231,1994,0,0,1088,0,3170,231,8332,8349,17,"ERROR",0.37968618996287,0.187806922984789
"30","3002","HIRAT","Injil",36112,8672,117,1401,36856,0,0,46228,0,4019,5858,139262,139263,1,"ERROR",0.0288590652219182,0.259307928164696
"30","3003","HIRAT","Kushk",4151,161919,46,23,21044,1099,14,94683,0,1948,3629,288555,288556,1,"ERROR",0.00675085598635967,0.0143854225869502
"30","3004","HIRAT","Zindajan",18035,18617,10,264,103385,0,0,102525,0,859,8778,252473,252473,0,"OK",0.00340234401302317,0.0714333809951955
"30","3005","HIRAT","Guzara",35133,15193,61,3286,134112,0,0,69775,0,2867,5260,265687,265687,0,"OK",0.0107908930433179,0.132234546665814
"30","3006","HIRAT","Pashtun Zarghun",27299,12680,237,551,52753,0,1431,84051,0,972,9831,189803,189805,2,"ERROR",0.00512104528331709,0.143826558836701
"30","3007","HIRAT","Karukh",19630,21712,62,130,31903,0,3118,114600,0,682,7618,199454,199455,1,"ERROR",0.00341931764057055,0.0984181895665689
"30","3008","HIRAT","Gulran",1703,153925,15,68,233931,1803,2427,202267,0,1580,12596,610316,610315,-1,"ERROR",0.00258882708109747,0.00279036235386645
"30","3009","HIRAT","Ghoryan",22509,54932,13,565,421528,0,0,184574,0,1640,50196,735958,735957,-1,"ERROR",0.00222839106089079,0.030584667310726
"30","3010","HIRAT","Adraskan",16092,7802,46,4,659078,0,7312,281852,0,522,25685,998393,998393,0,"OK",0.000522840204208163,0.0161179014676585
"30","3011","HIRAT","Farsi",7180,9882,19,0,22287,0,2200,161799,0,155,497,204018,204019,1,"ERROR",0.000759733162107451,0.0351928006705258
"30","3012","HIRAT","Obe",13564,20844,345,716,24004,0,7872,189340,0,841,4813,262339,262339,0,"OK",0.00320577573292572,0.0517040927959625
"30","3013","HIRAT","Kushk-e-Kohna",1511,56140,25,2,2585,0,20082,83630,0,509,1621,166103,166105,2,"ERROR",0.00306432678125282,0.00909665572980946
"30","3014","HIRAT","Kohsan",12146,12037,2,15,144343,0,0,43524,0,951,9859,222876,222877,1,"ERROR",0.00426692749812677,0.0544964262799661
"30","3015","HIRAT","Shindand",39238,0,30,268,482915,0,1371,154519,0,3816,17423,699579,699580,1,"ERROR",0.00545470139226393,0.0560879384773721
"30","3016","HIRAT","Chisht-e-Sharif",4105,4786,622,37,17303,0,7769,231976,0,279,1759,250637,268636,17999,"ERROR",0.00103858008606441,0.0152809005494424
"31","3101","FARAH","Farah",44497,0,88,638,274231,0,0,1797,0,3053,20076,344380,344380,0,"OK",0.00886520703873628,0.129209013299262
"31","3102","FARAH","Bakwa",59536,0,3,55,164449,0,0,7831,0,712,10985,243570,243571,1,"ERROR",0.00292317229883689,0.244429755594878
"31","3103","FARAH","Bala Buluk",22089,0,12,147,417523,0,1529,94726,0,919,16219,553163,553164,1,"ERROR",0.00166135178717342,0.0399320997028006
"31","3104","FARAH","Khak-e-Safed",17621,0,10,12,146245,0,0,15016,0,520,4773,184198,184197,-1,"ERROR",0.00282306443644576,0.0956638816050207
"31","3105","FARAH","Phusht Rod",26887,0,10,129,12122,0,0,218,0,574,3395,43334,43335,1,"ERROR",0.0132456443982924,0.620445367485866
"31","3106","FARAH","Qala-e-Kah",21650,0,9,41,287100,0,0,3432,0,521,42861,355615,355614,-1,"ERROR",0.00146507167884279,0.0608806177484576
"31","3107","FARAH","Shib Koh",10857,0,1,8,255496,0,0,1680,0,419,10791,279251,279252,1,"ERROR",0.00150043688138312,0.0388788621030467
"31","3108","FARAH","Lash-e-Juwayn",14989,0,4,1,418147,7,0,112,0,467,107773,541499,541500,1,"ERROR",0.000862419205909511,0.0276805170821791
"31","3109","FARAH","Gulestan",8621,7,36,0,389320,0,3027,285827,0,611,17712,705160,705161,1,"ERROR",0.000866468792233263,0.0122255768540801
"31","3110","FARAH","Purchaman",8428,45,159,2,166268,0,4933,461282,0,400,2606,644123,644123,0,"OK",0.000620999405393069,0.013084457471632
"31","3111","FARAH","Anar Dara",6304,0,88,1,1001303,0,0,4611,0,503,51975,1064784,1064785,1,"ERROR",0.000472395835779054,0.0059204440333025
"32","3201","HILMAND","Lashkargah",21388,0,146,85,43928,59917,0,45416,0,3999,8822,183702,183701,-1,"ERROR",0.0217690703915602,0.116428326465289
"32","3202","HILMAND","Nahr-e-Saraj",42206,0,343,55,98795,0,9,6685,0,3570,12100,163763,163763,0,"OK",0.0217997960467261,0.257726104187148
"32","3203","HILMAND","Nad-e-Ali",75101,0,223,18,478348,651,4,11693,0,3807,21464,591308,591309,1,"ERROR",0.00643825816958646,0.127008044863176
"32","3204","HILMAND","Nawa-e-Barakzaly",26431,0,95,31,17691,130,0,9121,0,1177,6073,60751,60749,-2,"ERROR",0.0193748045235313,0.435085351199197
"32","3205","HILMAND","Sangin",9898,0,159,1,36261,0,0,12275,0,1654,3589,63838,63837,-1,"ERROR",0.0259097388661748,0.155051145887181
"32","3206","HILMAND","Musaqalah",25462,0,237,51,68188,0,0,25596,0,1921,9315,130770,130770,0,"OK",0.0146899135887436,0.194708266421962
"32","3207","HILMAND","Nawzad",43978,555,508,35,196045,0,444,155465,0,1584,15832,414445,414446,1,"ERROR",0.00382196956901502,0.106112738450848
"32","3208","HILMAND","Washer",9327,0,14,3,399299,0,0,24486,0,1940,29418,464488,464487,-1,"ERROR",0.00417665079969945,0.0200802175303076
"32","3209","HILMAND","Garmser",31360,0,29,335,835124,485647,121,245588,0,2863,69113,1670180,1670180,0,"OK",0.00171418649486882,0.0187764193080985
"32","3210","HILMAND","Kajaki",26874,0,69,134,88269,0,1381,98723,0,1911,10467,227828,227828,0,"OK",0.00838790666643257,0.117957406464526
"32","3211","HILMAND","Baghran",13426,0,132,0,66067,0,1552,301227,0,926,2794,386123,386124,1,"ERROR",0.00239819332649615,0.0347712133925889
"32","3212","HILMAND","Reg",12347,0,1,81,680836,15428,0,2532,0,413,19550,731188,731188,0,"OK",0.000564834215003528,0.0168862180451539
"32","3213","HILMAND","Dehe Shu",4374,0,0,119,428115,392318,23,64396,0,64,23057,912467,912466,-1,"ERROR",0.0000701395997220718,0.00479360326850535
"33","3301","KANDAHAR","Kandahar",40369,0,785,5250,12749,761,25,4169,0,8910,4084,77103,77102,-1,"ERROR",0.115561204638012,0.523579154885736
"33","3302","KANDAHAR","Arghandab",5686,0,2448,1764,30818,0,2,9619,0,1380,3002,54719,54719,0,"OK",0.0252197591330251,0.103912717703174
"33","3303","KANDAHAR","Zheray",12431,0,234,4056,39144,0,0,6244,0,2130,3147,67385,67386,1,"ERROR",0.0316089395423382,0.184474519929956
"33","3304","KANDAHAR","Panjwayi",14930,0,140,6584,109585,302301,15,153360,0,960,8334,596208,596209,1,"ERROR",0.00161017361361536,0.0250415542200805
"33","3305","KANDAHAR","Daman",40184,1512,17,38,68127,162861,0,129386,0,1046,7769,410940,410940,0,"OK",0.00254538375431937,0.0977855648026476
"33","3306","KANDAHAR","Shah Wali Kot",8887,14217,2435,12,124347,0,3576,165340,0,544,8577,327936,327935,-1,"ERROR",0.0016588653239209,0.0270998825986857
"33","3307","KANDAHAR","Khakrez",4954,23102,232,277,55655,0,288,71686,0,294,8262,164751,164750,-1,"ERROR",0.0017845220030349,0.0300698027314112
"33","3308","KANDAHAR","Maywand",36965,0,62,569,156333,39051,33,58453,0,1033,17328,309827,309827,0,"OK",0.00333411871786513,0.119308517333867
"33","3309","KANDAHAR","Reg",3434,0,0,0,119192,1039971,0,185311,0,2,4102,1352012,1352012,0,"OK",0.00000147927681115256,0.00253991828474895
"33","3310","KANDAHAR","Shorabak",40363,14,0,27,198255,119842,36,43306,0,64,15403,417309,417310,1,"ERROR",0.000153363207208071,0.0967218614459275
"33","3311","KANDAHAR","Spin Boldak",58535,10898,122,476,165094,174214,2263,136779,0,2962,17147,568489,568490,1,"ERROR",0.0052102939365688,0.102965751376453
"33","3312","KANDAHAR","Arghestan",19476,19265,694,11,135591,0,7876,190534,0,973,15434,389854,389854,0,"OK",0.00249580612229193,0.0499571634509329
"33","3313","KANDAHAR","Miyanshin",3482,398,1044,0,8269,0,36,76127,0,22,85,89463,89463,0,"OK",0.000245911717693348,0.0389211182276472
"33","3314","KANDAHAR","Nesh",8053,13424,78,291,33697,0,7899,62497,0,253,1909,128101,128101,0,"OK",0.00197500409832866,0.0628644585132044
"33","3315","KANDAHAR","Ghorak",5519,0,27,2,57983,0,0,69234,0,291,11028,144084,144084,0,"OK",0.00201965520113267,0.038304044862719
"33","3316","KANDAHAR","Maruf",9197,63,280,484,88013,0,10209,204209,0,374,5480,318309,318309,0,"OK",0.0011749589235617,0.0288933080748581
"34","3401","NIMROZ","Zaranj",4106,0,5,187,64516,29967,206,2052,0,1571,17019,119230,119629,399,"ERROR",0.013132267259611,0.0343227812654122
"34","3402","NIMROZ","Kang",3395,2,0,126,16755,94,103,1206,0,426,94160,116267,116267,0,"OK",0.00366398032115734,0.029200030963214
"34","3403","NIMROZ","Charburjak",6014,0,0,21,1521207,401321,326,3953,0,259,162855,2095957,2095956,-1,"ERROR",0.000123571296344007,0.00286933504329289
"34","3404","NIMROZ","Chakhansur",20898,0,0,34,880851,25740,149,1100,0,411,58600,987782,987783,1,"ERROR",0.000416083289548413,0.0211564685766003
"34","3405","NIMROZ","Khashrod",60623,0,8,17,674651,9766,0,1481,0,1671,36436,784653,784653,0,"OK",0.00212960378664199,0.0772609038645108
