"province_code","province_name_eng","district_sub_code","district_or_subdivision_name_eng","provincial_capital","ps_planned","ps_reporting","ps_audited","missing_bvv_ps_reporting","missing_bvv_new_votes","ps_reporting_zero_votes","ps_reporting_excess_turnout","ps_added_votes_in_audit","known_bvv_votes_under_audit","known_net_change_from_audit","total_vr","total_preliminary_votes","turnout","candidate_1","candidate_2","candidate_3","candidate_5","candidate_6","candidate_7","candidate_8","candidate_9","candidate_10","candidate_11","candidate_12","candidate_15","candidate_16","candidate_17"
"01","KABUL","0101-01","KABUL CITY NAHIA 01","YES",68,68,5,0,0,0,0,1,339,-6,21440,4093,0.190904850746269,57,132,16,12,2,7,1399,2196,66,144,18,4,36,4
"01","KABUL","0101-02","KABUL CITY NAHIA 02","YES",100,99,4,1,0,0,0,0,325,-11,34181,7652,0.223867060647728,116,73,34,38,0,12,2123,4939,33,200,71,4,9,0
"01","KABUL","0101-03","KABUL CITY NAHIA 03","YES",116,116,21,0,0,2,0,3,1349,-43,41305,8661,0.209684057620143,385,108,58,58,4,38,3975,3335,62,377,184,3,71,3
"01","KABUL","0101-04","KABUL CITY NAHIA 04","YES",151,150,31,1,96,2,0,2,2781,-112,53716,13041,0.242776826271502,223,119,81,32,2,17,4773,7117,138,392,106,3,33,5
"01","KABUL","0101-05","KABUL CITY NAHIA 05","YES",224,224,36,0,0,7,0,1,2945,-438,80208,17743,0.221212347895472,624,251,89,21,6,93,10751,4419,102,1223,82,1,79,2
"01","KABUL","0101-06","KABUL CITY NAHIA 06","YES",217,216,36,2,108,5,0,0,2995,-160,75823,20358,0.268493728815795,1334,558,146,16,2,12,4160,12302,132,734,160,15,773,14
"01","KABUL","0101-07","KABUL CITY NAHIA 07","YES",215,215,24,0,0,0,0,1,2277,-57,76666,18214,0.237575978921556,328,333,115,24,3,16,9768,6184,178,1034,159,10,56,6
"01","KABUL","0101-08","KABUL CITY NAHIA 08","YES",268,265,59,3,0,8,0,8,5289,-476,94772,25065,0.264476849702444,112,273,55,12,6,43,19845,3685,107,879,21,11,4,12
"01","KABUL","0101-09","KABUL CITY NAHIA 09","YES",157,157,16,0,0,2,0,1,1603,-48,56640,15925,0.281161723163842,207,156,67,25,3,17,10786,3796,94,657,91,11,5,10
"01","KABUL","0101-10","KABUL CITY NAHIA 10","YES",208,207,29,1,0,5,0,1,2149,-133,68143,18217,0.267334869318932,470,415,147,46,22,21,5979,10083,178,391,133,9,318,5
"01","KABUL","0101-11","KABUL CITY NAHIA 11","YES",231,229,39,2,0,2,0,2,2555,-46,81571,16297,0.19978914074855,196,169,95,84,1,13,3995,10754,109,625,200,32,19,5
"01","KABUL","0101-12","KABUL CITY NAHIA 12","YES",262,260,63,2,0,6,0,5,4400,-83,98473,21824,0.221624201557787,62,100,22,2,4,30,19938,752,46,847,9,4,2,6
"01","KABUL","0101-13","KABUL CITY NAHIA 13","YES",376,376,212,1,216,3,1,6,27866,-1062,136800,48570,0.355043859649123,4057,1298,225,34,7,35,3583,35714,187,164,326,31,2882,27
"01","KABUL","0101-14","KABUL CITY NAHIA 14","YES",23,23,0,0,0,0,0,0,0,0,8238,1438,0.174556931294003,22,29,3,3,0,3,578,686,10,97,6,0,0,1
"01","KABUL","0101-15","KABUL CITY NAHIA 15","YES",214,214,50,0,0,7,0,2,3298,-217,74102,16160,0.218077784675177,243,204,76,84,2,11,4565,10095,118,494,147,49,64,8
"01","KABUL","0101-16","KABUL CITY NAHIA 16","YES",126,126,14,0,0,2,0,1,1285,-80,44138,12688,0.287462050840546,127,192,47,32,2,27,7213,4217,76,576,53,4,114,8
"01","KABUL","0101-17","KABUL CITY NAHIA 17","YES",149,149,30,0,0,5,0,4,1332,-110,56287,7409,0.131628972942242,94,77,40,33,0,5,1966,4548,52,503,84,3,2,2
"01","KABUL","0101-18","KABUL CITY NAHIA 18","YES",42,42,5,0,0,0,0,0,239,-12,14715,2085,0.141692150866463,71,24,4,5,5,0,1072,758,8,83,3,1,50,1
"01","KABUL","0101-19","KABUL CITY NAHIA 19","YES",36,36,4,0,0,1,0,0,331,-13,13603,3399,0.249871351907667,10,7,4,0,0,3,3082,198,11,80,2,0,1,1
"01","KABUL","0101-21","KABUL CITY NAHIA 21","YES",173,172,79,1,0,32,0,11,1960,160,65103,4147,0.0636990614871819,3,24,0,0,1,8,3870,90,5,143,1,0,0,2
"01","KABUL","0101-22","KABUL CITY NAHIA 22","YES",19,19,0,0,0,0,0,0,0,0,7368,725,0.0983984799131379,5,3,0,1,0,2,649,33,4,27,0,0,1,0
"01","KABUL","0102","PAGHMAN","NO",176,176,6,0,0,3,0,1,13,8,60545,6800,0.11231315550417,69,122,22,6,4,43,4569,1302,37,602,6,0,17,1
"01","KABUL","0103","CHAHARASYAB","NO",100,100,8,1,1,1,0,1,620,-6,35880,5605,0.156215161649944,10,55,9,3,3,111,4514,363,24,503,6,2,1,1
"01","KABUL","0104","BAGRAMI","NO",239,239,51,1,27,8,0,15,3822,56,87785,13879,0.158102181466082,66,102,18,6,4,17,11224,1561,51,811,10,2,3,4
"01","KABUL","0105","DEHSABZ","NO",124,117,32,7,0,4,0,6,662,3,43744,4817,0.110117959034382,21,41,8,2,0,10,3048,1193,11,446,6,2,25,4
"01","KABUL","0106","SHAKARDARA","NO",118,117,13,1,0,2,0,2,662,-19,41788,6067,0.145185220637504,34,45,19,5,1,5,3301,2004,32,612,5,2,1,1
"01","KABUL","0107","MOSAHI","NO",80,59,37,6,0,20,0,3,506,-48,28636,1189,0.0415211621734879,1,5,0,0,0,1,1048,80,0,52,1,1,0,0
"01","KABUL","0108","MIRBACHAKOT","NO",69,69,3,0,0,1,0,1,53,4,22792,3645,0.159924534924535,22,22,15,4,0,0,430,2875,22,237,13,2,1,2
"01","KABUL","0109","KHAKEJABAR","NO",51,41,41,8,0,3,0,6,1939,-9,18417,2392,0.129880002171906,4,0,0,1,0,1,1873,342,1,168,0,1,1,0
"01","KABUL","0110","KALAKAN","NO",43,42,3,1,0,0,0,1,138,3,14327,3330,0.232428282264256,13,10,8,5,0,5,918,2029,19,307,14,1,0,1
"01","KABUL","0111","GULDARA","NO",28,28,1,0,0,0,0,1,88,8,8645,1244,0.143898207056102,9,7,10,3,0,3,543,538,10,114,6,0,0,1
"01","KABUL","0112","FARZA","NO",35,35,0,0,0,0,0,0,0,0,10750,2314,0.215255813953488,22,20,2,0,1,2,1534,456,4,268,2,2,0,1
"01","KABUL","0113","ISTALIF","NO",39,39,0,0,0,0,0,0,0,0,12835,2515,0.195948578106739,8,11,10,2,0,0,406,1660,6,403,0,4,2,3
"01","KABUL","0114","QARABAGH","NO",134,132,42,2,0,8,0,2,1180,-81,47825,5616,0.11742812336644,9,24,12,2,0,4,3604,1398,17,533,8,1,1,3
"01","KABUL","0115","SUROBI","NO",166,144,139,22,0,36,0,8,5141,-298,59080,5958,0.100846310088016,22,23,1,1,1,2,5537,179,12,178,1,0,0,1
"02","KAPISA","0201","MAHMODRAQI","YES",89,88,31,1,0,4,0,2,1425,-120,30174,3675,0.121793597136608,12,40,9,6,1,7,1546,1527,14,480,8,23,0,2
"02","KAPISA","0202","HISSA-E-DUWUMI KOHISTAN","NO",66,66,16,0,0,2,0,1,577,-11,23118,2343,0.101349597716065,11,19,11,6,0,1,279,1726,9,253,13,14,1,0
"02","KAPISA","0203","KOHBAND","NO",61,51,49,8,0,8,0,2,690,-49,21529,1017,0.047238608388685,7,13,2,8,0,0,355,493,5,127,1,6,0,0
"02","KAPISA","0204","HESE  AWAL KOHESTAN","NO",90,90,6,0,0,1,0,0,316,-38,29551,3101,0.104937227166593,15,22,26,29,0,0,226,2241,19,495,16,9,3,0
"02","KAPISA","0205","NEJRAB","NO",103,91,43,6,0,3,0,0,803,-65,33268,1968,0.0591559456534808,9,14,11,5,0,0,409,1023,11,347,19,120,0,0
"02","KAPISA","0206","TAGAB","NO",60,48,44,12,0,7,0,2,1365,-64,19665,1930,0.0981439105008899,2,12,0,0,1,6,1746,42,8,109,0,4,0,0
"02","KAPISA","0207","ALASAY","NO",12,2,0,0,0,1,0,0,0,0,3513,80,0.0227725590663251,0,1,0,0,0,0,38,37,0,3,0,0,1,0
"03","PARWAN","0301","CHARIKAR","YES",177,176,13,1,0,0,0,0,629,-32,54991,8627,0.156880216762743,64,129,86,27,0,4,964,6182,34,1067,48,16,3,3
"03","PARWAN","0302","BAGRAM","NO",148,148,10,0,0,2,0,0,443,-37,50466,8144,0.161375975904569,24,64,31,38,0,5,2110,4926,37,832,60,13,0,4
"03","PARWAN","0303","SHINWARI","NO",44,39,11,4,0,3,0,0,86,-8,15039,672,0.0446838220626371,1,10,2,0,0,0,384,114,4,157,0,0,0,0
"03","PARWAN","0304","SAYDKHEL","NO",64,62,19,2,0,2,1,0,556,-87,18953,2429,0.128159130480663,10,23,16,5,0,3,148,1890,10,313,6,4,0,1
"03","PARWAN","0305","JABALUSARAJ","NO",78,78,6,0,0,1,1,0,272,-21,22785,3673,0.161202545534343,48,27,27,17,1,1,627,2777,11,112,19,3,0,3
"03","PARWAN","0306","SALANG","NO",49,49,0,0,0,0,0,0,0,0,13902,3194,0.22975111494749,17,18,19,13,3,6,485,2488,18,100,12,6,3,6
"03","PARWAN","0307","GHORBAND (SIA GERD)","NO",39,39,19,0,0,1,0,1,818,55,13682,1537,0.112337377576378,15,17,2,3,1,3,1062,237,5,186,3,1,2,0
"03","PARWAN","0308","KOHESAFI","NO",25,20,8,5,0,2,0,0,62,-4,6207,978,0.157564040599323,0,5,0,3,0,1,780,33,1,155,0,0,0,0
"03","PARWAN","0309","SURKH PARSA","NO",45,45,16,0,0,2,0,0,793,-136,13106,2346,0.179001983824203,26,41,8,8,1,3,636,1230,18,308,11,39,16,1
"03","PARWAN","0310","SHIKHALI","NO",35,35,4,0,0,0,0,0,301,-5,9804,1611,0.164320685434517,52,23,12,4,0,4,587,571,9,94,6,0,246,3
"04","MAYDANWARDAK","0401","MAYDANSHAHR","YES",73,40,30,22,0,8,0,0,1,-1,22629,411,0.0181625348004773,12,3,2,0,0,2,220,36,1,135,0,0,0,0
"04","MAYDANWARDAK","0402","NIRKH","NO",49,1,31,30,0,0,0,0,40,0,15770,40,0.00253646163601776,0,0,0,0,0,0,32,2,0,6,0,0,0,0
"04","MAYDANWARDAK","0403","JALRIZ","NO",51,8,5,5,0,0,0,0,0,0,15836,568,0.0358676433442789,43,1,2,0,1,0,37,464,3,1,8,0,7,1
"04","MAYDANWARDAK","0404","CHAK","NO",70,7,33,28,0,5,0,0,238,-164,22768,75,0.00329409697821504,0,0,1,0,0,0,46,27,0,1,0,0,0,0
"04","MAYDANWARDAK","0405","SAYDABAD","NO",77,7,65,61,0,2,0,0,231,-34,26817,290,0.0108140358727673,28,2,1,0,0,0,96,49,0,108,4,2,0,0
"04","MAYDANWARDAK","0406","DAYMIRDAD","NO",16,8,0,0,0,0,0,0,0,0,5367,280,0.0521706726290293,2,0,1,0,0,0,12,247,0,2,1,0,15,0
"04","MAYDANWARDAK","0407","HISE AWAL BEHSOD","NO",46,45,13,1,0,2,0,0,940,-28,14950,4037,0.270033444816054,30,18,3,2,0,1,135,3763,11,4,5,5,56,4
"04","MAYDANWARDAK","0408","JAGHATO","NO",9,2,4,2,0,1,0,0,19,-7,3014,12,0.0039814200398142,2,0,0,0,0,0,10,0,0,0,0,0,0,0
"04","MAYDANWARDAK","0409","MARKAZ BIHSOD","NO",125,125,12,0,0,1,0,1,1257,-35,35093,14188,0.404297153278432,131,85,18,6,7,21,691,12551,46,17,14,18,569,14
"05","LOGAR","0501","PULE ALAM","YES",129,108,36,10,0,4,0,1,975,-47,43711,3240,0.0741232184118414,3,17,6,1,0,3,2919,228,3,52,7,0,0,1
"05","LOGAR","0502","BARAKIBARAK","NO",12,11,11,0,0,3,0,6,474,163,3296,647,0.19629854368932,0,0,0,0,0,0,642,4,0,1,0,0,0,0
"05","LOGAR","0503","CHARKH","NO",9,4,7,5,0,2,0,0,2,-2,2382,18,0.00755667506297229,0,0,0,0,0,0,18,0,0,0,0,0,0,0
"05","LOGAR","0504","KHOSHI","NO",35,35,29,0,0,5,0,16,1296,176,13349,1843,0.13806277623792,4,39,9,0,0,2,1485,200,6,94,1,3,0,0
"05","LOGAR","0505","MUHAMMADAGHA","NO",104,85,62,0,0,2,0,16,5467,-65,38464,6314,0.164153494176373,3,7,3,1,2,2,6183,60,4,45,3,0,0,1
"05","LOGAR","0506","KHARWAR","NO",1,1,0,0,0,0,0,0,0,0,171,52,0.304093567251462,0,0,0,0,0,0,45,0,0,7,0,0,0,0
"05","LOGAR","0507","AZRA","NO",20,20,7,0,0,1,0,0,604,-84,6186,2082,0.336566440349176,0,1,0,0,1,0,2052,11,0,17,0,0,0,0
"06","NANGARHAR","0601-01","JALALABAD NAHIA 01","YES",68,68,31,6,1071,1,0,2,2921,-42,24425,7694,0.315005117707267,10,20,5,8,1,110,7155,179,11,189,2,2,0,2
"06","NANGARHAR","0601-02","JALALABAD NAHIA 02","YES",81,81,6,1,117,0,0,0,666,-21,29766,10615,0.356614929785662,14,19,6,0,0,9,9970,161,7,425,2,0,0,2
"06","NANGARHAR","0601-03","JALALABAD NAHIA 03","YES",87,87,13,0,0,0,0,3,1797,-4,31838,10668,0.335071298448395,17,23,5,1,1,10,10023,140,20,423,2,0,0,3
"06","NANGARHAR","0601-04","JALALABAD NAHIA 04","YES",121,121,13,1,115,0,1,0,1228,-23,41712,13723,0.328994054468738,10,30,6,0,66,5,12772,159,13,657,0,0,0,5
"06","NANGARHAR","0601-05","JALALABAD NAHIA 05","YES",58,58,34,0,0,3,0,2,2790,-5,20070,5952,0.296562032884903,7,8,3,0,1,4,5607,89,6,226,0,0,1,0
"06","NANGARHAR","0601-06","JALALABAD NAHIA 06","YES",57,57,1,0,0,0,0,0,78,-3,21118,4522,0.214130125958898,1,5,1,0,2,4,4308,51,2,147,0,0,0,1
"06","NANGARHAR","0602","BIHSOD","NO",213,213,49,3,330,0,0,2,4104,-35,77575,21054,0.271401869158878,13,28,4,1,2,28,19565,315,22,1067,2,0,0,7
"06","NANGARHAR","0603","SURKHROD","NO",217,217,57,7,593,0,0,1,4316,-100,76839,19589,0.254935644659613,33,13,19,0,4,71,18214,210,25,987,3,3,0,7
"06","NANGARHAR","0604","CHAPARHAR","NO",108,87,108,26,233,8,0,1,5305,-165,33774,5350,0.158405874341209,4,11,0,0,0,1,4946,13,6,369,0,0,0,0
"06","NANGARHAR","0605","KAMA","NO",146,146,31,1,116,0,1,4,2391,-8,49640,16202,0.326390008058018,11,15,1,1,7,27,14740,349,18,1018,2,2,3,8
"06","NANGARHAR","0606","KOZ KUNAR","NO",115,115,9,1,125,0,0,1,701,-4,37794,11949,0.316161295443721,13,20,2,2,6,19,10550,520,12,800,4,0,0,1
"06","NANGARHAR","0607","RODAT","NO",131,131,60,2,167,1,0,1,3735,-68,45306,9229,0.203703703703704,4,14,4,0,1,9,8448,265,1,482,1,0,0,0
"06","NANGARHAR","0608","KHOGYANI","NO",163,149,94,18,830,16,0,4,3581,-406,54455,6693,0.122908823799467,2,3,0,2,1,3,6345,69,0,267,1,0,0,0
"06","NANGARHAR","0609","BATIKOT","NO",114,114,19,2,154,5,2,0,508,-21,35914,8374,0.233168123851423,4,6,2,0,2,11,7816,57,7,462,0,3,1,3
"06","NANGARHAR","0610","DEHBALA","NO",36,36,5,0,0,0,0,1,347,0,10564,2412,0.228322605073836,2,4,1,0,0,4,2249,23,2,126,1,0,0,0
"06","NANGARHAR","0611","PACHERAGAM","NO",61,61,34,4,186,0,0,0,1968,-56,19147,3581,0.187026688254035,3,7,0,0,0,4,3374,86,9,98,0,0,0,0
"06","NANGARHAR","0612","DARA NOOR","NO",109,101,46,11,88,3,0,1,1111,-65,36675,5149,0.140395364689843,30,11,2,13,0,5,3437,1373,4,268,3,2,0,1
"06","NANGARHAR","0613","KOT","NO",85,85,28,1,128,0,1,1,1538,-31,28016,4768,0.170188463735009,6,9,1,0,2,4,4385,49,9,302,0,0,0,1
"06","NANGARHAR","0614","GOSHTA","NO",72,69,22,4,122,3,0,1,1892,-33,22191,5508,0.248208733270245,13,5,0,2,1,9,5080,201,0,191,1,0,1,4
"06","NANGARHAR","0615","ACHEEN","NO",78,76,18,5,15,3,1,1,476,-11,23161,3040,0.131255127153404,6,5,1,1,2,4,2818,111,3,82,2,0,2,3
"06","NANGARHAR","0616","SHINWAR","NO",83,81,28,9,443,4,0,1,1671,-35,27714,6762,0.243992206105218,6,13,1,1,0,12,6460,49,3,215,0,0,0,2
"06","NANGARHAR","0617","MUHMAND DARA","NO",92,92,19,0,0,0,0,1,1926,9,31169,9337,0.299560460714171,3,13,0,0,1,8,8879,77,2,348,1,1,2,2
"06","NANGARHAR","0618","LAL POOR","NO",38,38,2,1,190,0,0,0,1,0,13963,4525,0.324070758433001,2,4,2,1,3,8,4384,39,2,74,0,1,1,4
"06","NANGARHAR","0619","SHIRZAD","NO",6,4,2,2,0,0,0,0,0,0,1774,86,0.04847801578354,0,0,0,0,0,0,73,10,1,1,1,0,0,0
"06","NANGARHAR","0620","NAZYAN","NO",52,51,7,1,0,1,0,0,252,-5,16834,2530,0.150291077581086,1,0,3,0,1,5,2400,28,3,86,0,0,0,3
"06","NANGARHAR","0621","HISARAK","NO",21,8,8,5,0,3,0,0,1,-1,5760,16,0.00277777777777778,0,0,0,0,0,0,16,0,0,0,0,0,0,0
"06","NANGARHAR","0622","DURBABA","NO",63,54,15,10,46,2,0,0,43,-1,21407,1725,0.0805811183257813,4,3,1,1,1,6,1346,266,4,91,1,1,0,0
"06","NANGARHAR","0623","SPIN GHAR","NO",59,56,17,3,0,0,0,1,1157,-7,17642,3303,0.187223670785625,2,5,0,11,0,3,3102,60,1,114,1,1,0,3
"07","LAGHMAN","0701","MEHTARLAM","YES",201,198,25,3,0,1,0,1,1430,-31,70479,13784,0.195575987173484,22,55,13,4,1,13,11886,221,28,1526,3,4,1,7
"07","LAGHMAN","0702","QARGHAYE","NO",182,182,14,0,0,0,0,1,527,-7,64038,11465,0.179034323370499,21,35,1,0,2,79,10380,163,7,762,4,1,1,9
"07","LAGHMAN","0703","ALISHENG","NO",39,16,6,4,0,1,0,0,12,-9,12282,195,0.0158768930141671,1,6,5,0,0,0,144,10,1,24,0,0,0,4
"07","LAGHMAN","0704","ALINGAR","NO",40,35,9,5,0,3,0,0,34,-1,12877,376,0.0291993476741477,1,0,0,0,0,1,315,34,0,24,0,0,0,1
"07","LAGHMAN","0705","DAWLATSHAH","NO",48,9,5,4,0,1,0,0,1,-1,13074,94,0.00718984243536791,1,0,0,0,0,0,39,41,0,13,0,0,0,0
"07","LAGHMAN","0706","BAD PAKH","NO",3,2,1,1,0,0,0,0,0,0,536,16,0.0298507462686567,0,0,0,0,0,0,5,0,0,11,0,0,0,0
"08","PANJSHIR","0801","BAZARAK","YES",44,43,3,1,0,1,0,0,54,-2,13239,2202,0.166326761840018,5,6,10,48,0,1,199,1912,3,2,16,0,0,0
"08","PANJSHIR","0802","RUKHA","NO",23,23,0,0,0,0,0,0,0,0,6036,1438,0.238237243207422,1,2,11,53,0,0,135,1222,5,4,4,0,0,1
"08","PANJSHIR","0803","DARA","NO",36,36,0,0,0,0,0,0,0,0,9099,2481,0.272667326079789,24,10,13,37,1,1,165,2187,4,7,29,3,0,0
"08","PANJSHIR","0804","KHENJ (HESAE AWAL)","NO",59,59,1,0,0,0,0,0,17,0,15624,3453,0.221006144393241,3,11,12,29,2,2,232,3103,7,35,14,3,0,0
"08","PANJSHIR","0805","ONABA","NO",41,41,3,0,0,2,0,0,122,-1,12166,2665,0.219053098799934,6,8,7,40,0,0,171,2384,16,14,16,3,0,0
"08","PANJSHIR","0806","SHUTUL","NO",21,20,1,1,0,0,0,0,0,0,5354,1340,0.250280164363093,2,1,7,16,1,0,118,1169,6,11,3,3,1,2
"08","PANJSHIR","0807","PARYAN","NO",39,39,1,0,0,1,1,0,0,0,8215,2792,0.339866098600122,15,5,3,122,0,10,575,1969,20,21,27,14,3,8
"08","PANJSHIR","0808","ABSHAR","NO",32,32,0,0,0,0,0,0,0,0,7572,2022,0.267036450079239,36,16,16,25,1,4,484,1397,5,16,11,9,1,1
"09","BAGHLAN","0901","PULE KHUMRI","YES",170,148,18,2,0,3,0,0,671,-55,57601,7859,0.136438603496467,119,59,47,24,2,4,2160,5039,55,252,77,1,16,4
"09","BAGHLAN","0903","DOSHI","NO",96,48,9,2,0,1,0,0,740,-53,30116,3372,0.111967060698632,11,26,16,1,0,2,352,2855,10,86,6,1,3,3
"09","BAGHLAN","0904","NAHREEN","NO",159,83,83,21,0,32,0,1,931,-62,55616,1189,0.0213787399309551,4,4,2,28,0,2,170,950,2,21,6,0,0,0
"09","BAGHLAN","0905","BAGHLAN JADID","NO",252,68,222,154,0,40,0,0,624,-118,87364,506,0.00579185934709949,4,8,1,1,0,1,269,139,3,79,1,0,0,0
"09","BAGHLAN","0906","KHINJAN","NO",39,39,1,0,0,0,0,0,86,-2,12761,3279,0.256954784107829,7,30,14,104,3,5,424,1841,14,802,27,4,0,4
"09","BAGHLAN","0907","ANDARAB","NO",38,36,18,2,0,0,0,0,998,-174,11386,1566,0.137537326541367,13,6,10,20,2,0,228,1192,9,68,15,1,1,1
"09","BAGHLAN","0908","DEHSALAH","NO",63,57,52,1,0,3,0,1,2630,-152,21104,2623,0.124289234268385,28,17,11,15,1,0,321,2121,20,68,21,0,0,0
"09","BAGHLAN","0909","KHWAJAHEJRAN","NO",69,23,24,2,0,3,0,0,1304,-126,22861,1249,0.0546345304229911,4,2,10,6,0,0,221,965,6,30,4,1,0,0
"09","BAGHLAN","0910","BORKA","NO",64,30,36,5,0,4,0,1,399,-52,22059,347,0.0157305408223401,3,0,1,5,0,1,55,269,5,8,0,0,0,0
"09","BAGHLAN","0911","TALA WA BARFAK","NO",100,69,83,15,0,31,0,2,1857,-621,35559,1254,0.0352653336708006,2,1,1,1,0,0,541,705,1,1,1,0,0,0
"09","BAGHLAN","0912","PULE HESAR","NO",60,53,38,7,0,10,0,0,817,-69,20593,1259,0.0611372796581363,13,3,2,7,0,1,167,1020,5,35,6,0,0,0
"09","BAGHLAN","0913","KHOST WA FERENG","NO",124,102,101,15,0,14,0,3,3043,-417,41130,3366,0.0818380743982495,72,32,40,60,1,2,568,2330,15,152,91,2,0,1
"09","BAGHLAN","0914","GUZARGAHE NOOR","NO",23,20,13,0,0,0,0,0,579,-26,7199,728,0.101125156271704,2,3,3,18,0,0,73,549,2,5,72,1,0,0
"09","BAGHLAN","0915","FIRING GHARO","NO",38,38,14,0,0,1,0,2,520,-22,11659,1671,0.143322754953255,29,9,5,13,3,2,285,1036,30,41,218,0,0,0
"10","BAMYAN","1001","BAMYAN","YES",138,138,4,0,0,1,0,0,452,-15,44191,22147,0.501165395668801,1970,371,99,68,20,44,3698,14356,92,272,68,41,1008,40
"10","BAMYAN","1002","SHEBAR","NO",41,38,3,1,0,2,0,0,2,-2,9316,3334,0.357878917990554,132,41,11,10,1,5,793,2212,19,54,8,1,43,4
"10","BAMYAN","1003","SAYGHAN","NO",49,48,1,1,0,0,0,0,0,0,11801,4010,0.339801711719346,117,54,47,34,8,8,1123,2165,12,330,25,3,79,5
"10","BAMYAN","1004","KAHMARD","NO",71,70,7,1,0,0,0,3,679,150,20748,6340,0.305571621361095,36,47,46,16,3,11,1409,3766,26,932,27,9,4,8
"10","BAMYAN","1005","YAKAWLANG","NO",93,93,0,0,0,0,0,0,0,0,25318,13100,0.517418437475314,800,275,31,17,9,22,2290,8959,49,160,25,19,423,21
"10","BAMYAN","1006","PANJAB","NO",76,76,0,0,0,0,0,0,0,0,17739,10601,0.597609786346468,437,122,34,14,2,20,1278,8075,41,29,31,16,487,15
"10","BAMYAN","1007","WARAS","NO",133,133,1,0,0,1,0,0,0,0,29509,16358,0.554339354095361,499,294,82,22,12,49,3378,11259,50,62,42,32,549,28
"10","BAMYAN","1008","YAKAWLANG NUMBER 2","NO",48,48,1,0,0,0,0,0,159,-4,12853,6562,0.510542285847662,129,135,17,11,4,15,1052,5003,25,20,14,12,114,11
"11","GHAZNI","1101","GHAZNI","YES",153,148,46,1,0,3,1,5,3291,-358,42561,11736,0.275745400718968,548,233,142,24,6,12,2253,7704,68,463,52,10,208,13
"11","GHAZNI","1102","WALEMUHAMMAD SHAHEED","NO",8,6,4,3,6,1,0,0,3,-3,871,39,0.0447761194029851,0,0,0,0,0,0,36,3,0,0,0,0,0,0
"11","GHAZNI","1103","KHWAJAUMARI","NO",8,7,3,1,0,2,0,0,0,0,2660,18,0.00676691729323308,0,0,0,0,0,0,12,6,0,0,0,0,0,0
"11","GHAZNI","1104","WAGHAZ","NO",12,7,9,5,0,1,0,1,168,11,2136,270,0.126404494382022,0,5,0,0,0,2,194,11,1,54,3,0,0,0
"11","GHAZNI","1105","DEHYAK","NO",18,3,17,12,0,1,0,0,31,-6,2835,18,0.00634920634920635,0,0,0,0,0,0,18,0,0,0,0,0,0,0
"11","GHAZNI","1107","ANDAR","NO",36,3,34,33,0,3,0,0,0,0,7279,0,0,0,0,0,0,0,0,0,0,0,0,0,0,0,0
"11","GHAZNI","1108","ZANAKHAN","NO",5,4,1,1,0,0,0,0,0,0,918,62,0.0675381263616558,2,0,0,0,0,0,46,11,0,3,0,0,0,0
"11","GHAZNI","1110","NAWUR","NO",157,145,71,12,21,23,0,7,2819,-848,53458,4966,0.0928953571027723,54,39,20,0,0,4,1052,3407,7,15,9,1,357,1
"11","GHAZNI","1111","QARABAGH","NO",19,10,11,9,0,2,0,0,3,-3,1704,58,0.034037558685446,0,0,0,0,0,0,51,2,0,5,0,0,0,0
"11","GHAZNI","1113","AB BAND","NO",19,7,18,6,0,5,0,0,105,-56,5701,11,0.00192948605507806,0,0,0,0,0,0,11,0,0,0,0,0,0,0
"11","GHAZNI","1114","JAGHORI","NO",169,165,22,2,0,4,0,3,2246,-196,50453,20525,0.40681426277922,1476,167,65,14,4,36,10843,7614,46,47,111,9,61,32
"11","GHAZNI","1115","MUQUR","NO",69,55,54,9,0,23,0,6,611,-133,19481,665,0.0341358246496586,3,10,3,0,0,0,560,34,1,52,1,0,0,1
"11","GHAZNI","1116","MALESTAN","NO",119,119,23,0,0,6,0,1,1812,-204,35160,13246,0.376734926052332,857,108,63,7,5,17,3885,8149,19,42,26,6,38,24
"11","GHAZNI","1117","GELAN","NO",36,15,33,9,0,5,0,3,792,-195,9996,309,0.0309123649459784,1,0,0,0,0,1,298,5,0,4,0,0,0,0
"12","PAKTIKA","1201","SHARAN","YES",74,66,25,8,0,1,0,1,1687,-123,20642,4812,0.233116946032361,11,14,3,2,2,13,4371,103,18,265,2,3,2,3
"12","PAKTIKA","1202","MATAKHAN","NO",45,41,21,4,0,5,0,2,889,-77,14559,1626,0.111683494745518,4,7,0,1,3,4,1503,14,0,86,0,1,0,3
"12","PAKTIKA","1203","YOSUFKHEL","NO",34,32,22,2,0,0,0,6,1880,-62,10293,2767,0.268823472262703,0,7,2,1,2,2,2703,17,0,30,1,0,0,2
"12","PAKTIKA","1204","YAHYAKHEL","NO",51,50,27,1,0,6,0,0,1589,-172,15835,2515,0.158825386801389,7,17,1,2,0,8,2375,31,1,66,1,0,2,4
"12","PAKTIKA","1205","SAR RAWZA","NO",22,15,15,7,0,2,0,0,370,-36,6237,563,0.0902677569344236,0,2,0,0,0,0,505,1,0,55,0,0,0,0
"12","PAKTIKA","1206","OMNA","NO",10,2,8,8,0,0,0,0,0,0,3333,44,0.0132013201320132,1,0,0,0,0,0,29,0,0,14,0,0,0,0
"12","PAKTIKA","1207","ZARGHONSHAHR","NO",81,78,62,3,0,9,0,12,6426,-365,26977,6845,0.253734662860956,2,9,4,1,1,6,6690,74,8,46,1,0,0,3
"12","PAKTIKA","1208","GOMAL","NO",44,27,24,17,0,3,0,0,227,-11,14650,816,0.0556996587030717,1,0,0,0,0,1,793,7,2,12,0,0,0,0
"12","PAKTIKA","1209","JANIKHEL","NO",59,45,30,14,0,12,0,0,340,-122,19298,1461,0.0757073271841642,0,8,1,2,0,7,1355,71,1,14,0,0,0,2
"12","PAKTIKA","1210","SAROBI","NO",52,43,31,9,0,6,1,3,1227,51,16532,2071,0.125272199370917,5,2,0,0,0,1,2027,3,1,31,0,0,0,1
"12","PAKTIKA","1211","URGUN","NO",75,71,20,4,0,6,1,0,868,-52,22134,2754,0.124423963133641,80,8,4,1,1,5,2378,155,0,119,1,1,0,1
"12","PAKTIKA","1212","‌‌ZEEROK‌‎‌‎‌‎‌‎","NO",32,24,11,8,0,2,0,0,28,-9,9934,391,0.0393597745117777,0,1,0,0,0,1,360,19,0,10,0,0,0,0
"12","PAKTIKA","1213","NEEKA‌‎‌‎‌‎‌‎","NO",22,12,18,10,0,8,0,0,0,0,6963,19,0.00272870888984633,0,0,0,0,0,0,18,0,0,1,0,0,0,0
"12","PAKTIKA","1214","BARAL","NO",40,33,16,7,0,0,0,1,429,-6,10161,801,0.0788308237378211,8,1,0,0,3,17,724,17,1,26,2,0,0,2
"12","PAKTIKA","1216","DELA","NO",18,4,17,12,0,2,0,0,43,-21,5754,12,0.00208550573514077,0,0,0,0,0,0,12,0,0,0,0,0,0,0
"12","PAKTIKA","1217","WAZAKHUA","NO",40,34,16,6,0,1,0,0,850,-291,11322,1230,0.10863804981452,2,1,0,1,1,4,1151,50,0,15,0,0,1,4
"12","PAKTIKA","1218","WORMAMAY","NO",45,40,17,5,0,3,0,1,1007,-116,13184,2090,0.158525485436893,0,2,3,0,0,1,1905,174,1,4,0,0,0,0
"12","PAKTIKA","1219","TURWO","NO",29,24,8,5,0,1,0,0,121,-2,7919,695,0.0877636065159742,0,2,0,0,0,0,600,92,0,0,0,0,0,1
"13","PAKTYA","1301","GARDEZ","YES",155,147,50,8,0,5,1,4,2890,-77,52483,8822,0.168092525198636,36,54,17,45,3,6,7590,737,10,314,7,1,2,0
"13","PAKTYA","1302","AHMADABA","NO",84,84,64,0,0,8,0,4,4323,-148,27756,4961,0.178736129125234,3,13,3,1,2,3,4851,18,2,63,1,0,0,1
"13","PAKTYA","1303","ZURMAT","NO",110,26,92,67,0,8,0,0,1110,-56,34543,1304,0.0377500506614944,0,3,0,0,0,43,1250,3,0,5,0,0,0,0
"13","PAKTYA","1304","SHUWAK","NO",26,18,10,8,0,1,0,0,137,-2,8757,401,0.0457919378782688,0,3,0,0,0,0,366,8,1,23,0,0,0,0
"13","PAKTYA","1305","ZADRAN","NO",60,26,43,34,0,3,1,1,438,6,19233,1267,0.0658763583424323,0,1,0,0,0,2,1225,36,0,2,0,0,0,1
"13","PAKTYA","1306","SAYEDKARAM","NO",66,53,62,13,0,12,0,4,2500,-101,22522,2438,0.108249711393304,0,0,2,0,1,0,2395,29,2,9,0,0,0,0
"13","PAKTYA","1307","JAJEE","NO",170,90,101,15,0,20,0,3,2331,-296,60136,2162,0.0359518424903552,1,0,0,0,2,2,1728,336,2,91,0,0,0,0
"13","PAKTYA","1308","LEJA AHMADKHEL","NO",79,7,16,15,0,1,0,0,0,0,25700,31,0.00120622568093385,0,0,0,0,0,0,29,0,0,2,0,0,0,0
"13","PAKTYA","1309","JANIKHEL","NO",65,14,10,8,0,0,0,1,31,-1,22532,254,0.0112728563820344,0,0,0,0,0,0,247,6,0,1,0,0,0,0
"13","PAKTYA","1310","CHAMKANI","NO",103,96,58,7,0,0,0,6,5101,6,35231,7484,0.212426556157929,2,14,0,0,1,3,7279,90,1,90,0,0,0,4
"13","PAKTYA","1311","DAND WA PATAN","NO",84,80,56,4,0,9,0,3,4213,-66,28685,5945,0.207251176573122,0,3,0,0,0,3,5587,245,2,104,0,0,1,0
"13","PAKTYA","1312","LEJAMANGAL","NO",59,30,37,7,0,19,0,1,406,12,19631,418,0.0212928531404411,1,0,0,0,0,0,387,29,0,1,0,0,0,0
"13","PAKTYA","1313","MEARZAKA","NO",61,41,59,20,0,13,1,1,710,158,20359,920,0.0451888599636524,36,0,0,0,0,0,781,89,0,14,0,0,0,0
"13","PAKTYA","1314","GARDA SIRAY","NO",28,20,17,8,0,0,0,3,291,0,9272,743,0.0801337359792925,2,3,0,0,0,0,718,15,1,3,0,0,0,1
"13","PAKTYA","1315","ROHANI BABA","NO",44,27,40,13,0,3,0,1,1259,-23,13969,1236,0.0884816379125206,0,0,0,0,0,5,1224,2,0,5,0,0,0,0
"14","KHOST","1401","KHOST (MATON)","YES",236,235,58,1,0,3,2,12,7504,187,73729,25894,0.351205088906672,26,21,6,1,2,21,25029,266,10,500,2,0,0,10
"14","KHOST","1402","MANDOZAY","NO",68,68,13,0,0,1,0,0,1849,-25,19703,8003,0.40618179972593,4,4,2,5,0,8,7806,42,3,129,0,0,0,0
"14","KHOST","1403","GURBUZ","NO",48,45,14,3,0,2,0,0,1460,-19,14985,4688,0.312846179512846,6,8,7,1,2,5,4529,40,3,85,1,0,0,1
"14","KHOST","1404","TANI","NO",85,85,21,0,0,2,0,0,2188,-35,23350,7852,0.33627408993576,10,4,3,3,3,10,7617,97,1,97,1,2,0,4
"14","KHOST","1405","MOSAKHEL","NO",51,45,33,5,0,6,0,1,1832,-143,15052,2563,0.170276375232527,6,1,2,0,2,0,2420,11,1,119,0,0,0,1
"14","KHOST","1406","NADIRSHAHKOT","NO",30,25,9,5,0,0,0,1,402,-4,9312,1908,0.204896907216495,2,2,2,0,1,3,1875,3,0,20,0,0,0,0
"14","KHOST","1407","SABARI","NO",68,58,59,10,0,12,0,21,2755,1405,23797,4782,0.200949699541959,1,4,2,0,1,4,4596,12,1,158,0,0,1,2
"14","KHOST","1408","TIREZAYE","NO",57,51,19,6,0,2,0,1,1396,-11,18569,4684,0.252248370940815,6,8,6,1,2,9,4510,42,3,93,1,0,0,3
"14","KHOST","1409","BAK","NO",42,41,39,1,0,3,0,3,4583,-43,14666,5047,0.344129278603573,3,5,3,2,3,1,4904,29,0,95,1,0,0,1
"14","KHOST","1410","QALANDAR","NO",26,25,24,1,0,1,0,6,2175,21,7682,2319,0.301874511845873,1,0,1,0,1,1,2281,5,0,28,0,0,0,1
"14","KHOST","1411","SPERA","NO",42,36,26,6,0,0,0,1,1743,-31,11655,3616,0.31025311025311,0,3,1,0,0,1,3427,156,1,25,0,0,0,2
"14","KHOST","1412","SHAMAL","NO",25,18,9,7,0,1,1,0,89,0,6790,1375,0.202503681885125,1,4,0,0,0,5,1320,17,1,27,0,0,0,0
"14","KHOST","1413","JAJIMAYDAN","NO",57,57,4,0,0,1,0,0,326,0,18826,5135,0.272761075108892,6,6,0,0,0,6,4795,67,2,249,3,0,0,1
"15","KUNARHA","1501","ASADABAD","YES",75,75,19,0,0,0,0,0,2777,-49,23402,11522,0.492351081104179,97,9,4,1,8,18,10138,690,3,549,2,1,0,2
"15","KUNARHA","1502","MARAWARA","NO",35,35,3,0,0,0,0,0,576,-4,11507,3070,0.266794125315026,8,2,1,0,0,22,2819,131,1,81,1,2,0,2
"15","KUNARHA","1503","WATAPOOR","NO",19,19,2,0,0,0,0,0,127,-4,5930,1655,0.279089376053963,9,0,0,0,0,0,1535,43,1,67,0,0,0,0
"15","KUNARHA","1504","NARANG","NO",35,35,10,0,0,0,0,2,1402,-12,11078,4242,0.38292110489258,47,1,0,0,0,5,3755,103,2,325,1,0,0,3
"15","KUNARHA","1505","SARKANI","NO",50,50,21,0,0,0,0,3,2679,-34,17295,5068,0.293032668401272,18,6,0,1,1,12,4663,98,4,260,3,0,0,2
"15","KUNARHA","1506","SHEGAL","NO",45,45,7,0,0,0,0,0,785,-9,15106,3751,0.248311929034821,25,1,0,0,0,12,3154,81,3,473,1,1,0,0
"15","KUNARHA","1507","DARAE PECH","NO",55,55,14,0,0,0,0,1,2061,-29,17636,5702,0.323315944658653,116,6,3,0,1,5,4576,826,4,163,1,0,1,0
"15","KUNARHA","1508","BARKUNAR","NO",33,32,2,1,0,1,0,0,0,0,10090,2541,0.25183349851338,6,4,0,0,0,0,2143,223,3,160,0,0,0,2
"15","KUNARHA","1509","SAWKAY","NO",50,50,24,0,0,0,0,2,3402,-25,16627,6508,0.391411559511638,34,9,0,0,1,7,5524,846,0,85,0,0,1,1
"15","KUNARHA","1510","KHASKUNAR","NO",51,51,6,0,0,0,0,2,869,-4,17674,6950,0.393232997623628,26,16,2,0,1,7,6614,96,1,180,1,3,1,2
"15","KUNARHA","1511","GHAZIABAD","NO",16,16,0,0,0,0,2,0,0,0,3786,1017,0.268621236133122,0,2,0,0,0,0,767,53,0,195,0,0,0,0
"15","KUNARHA","1512","DANGAM","NO",19,19,2,0,0,0,0,0,159,-1,6791,943,0.13886025622147,26,0,0,0,0,3,844,45,1,23,0,0,0,1
"15","KUNARHA","1513","CHAPADARA","NO",20,20,8,0,0,1,0,0,986,-7,6187,2552,0.412477775981898,7,9,1,0,2,0,2300,165,1,67,0,0,0,0
"15","KUNARHA","1514","NORGAL","NO",26,26,0,0,0,0,0,0,0,0,9200,2552,0.277391304347826,32,2,1,0,0,2,2315,138,0,59,2,0,0,1
"15","KUNARHA","1515","NARI","NO",46,46,7,0,0,2,0,1,683,-7,14925,5386,0.360871021775544,8,6,1,2,0,7,3115,1524,34,682,3,1,0,3
"15","KUNARHA","1516","SHELTAN","NO",11,11,0,0,0,0,0,0,0,0,3646,746,0.204607789358201,39,3,0,0,0,0,645,10,0,48,0,0,1,0
"16","NOORESTAN","1601","PAROON","YES",35,35,13,0,0,1,0,1,1224,-130,12113,3439,0.283909848922645,18,2,7,0,2,6,2369,927,8,98,0,1,0,1
"16","NOORESTAN","1602","WAYGAL","NO",39,18,15,0,0,4,0,4,1015,-7,11199,1119,0.0999196356817573,4,0,1,0,0,0,801,201,0,112,0,0,0,0
"16","NOORESTAN","1603","WAMA","NO",50,50,44,0,0,2,0,6,2553,-141,16708,2718,0.162676562125928,5,3,4,0,0,1,1362,1139,2,202,0,0,0,0
"16","NOORESTAN","1604","NOORGERAM","NO",44,5,0,0,0,0,0,0,0,0,13545,109,0.00804724990771502,0,0,0,0,0,0,47,44,0,18,0,0,0,0
"16","NOORESTAN","1605","DOAB","NO",36,0,0,0,0,0,0,0,0,0,11144,0,0,0,0,0,0,0,0,0,0,0,0,0,0,0,0
"16","NOORESTAN","1606","KAMDESH","NO",31,24,5,0,0,0,0,3,552,21,10189,1572,0.154284031798999,1,28,1,1,0,0,622,507,0,412,0,0,0,0
"16","NOORESTAN","1607","MANDOL","NO",14,0,0,0,0,0,0,0,0,0,4879,0,0,0,0,0,0,0,0,0,0,0,0,0,0,0,0
"16","NOORESTAN","1608","BARGEMATAL","NO",37,37,29,0,0,4,0,4,2002,-553,11291,1912,0.169338411123904,3,1,19,7,0,3,1089,698,1,90,0,1,0,0
"17","BADAKHSHAN","1701","FAYZABAD","YES",101,87,52,0,0,0,0,4,3637,-82,30527,5840,0.191306056933207,33,49,27,53,0,2,976,3947,28,188,527,6,1,3
"17","BADAKHSHAN","1702","ARGO","NO",115,110,61,5,0,4,0,4,4074,-116,32995,7308,0.221488104258221,19,22,7,5,1,9,1274,4361,30,1521,43,9,0,7
"17","BADAKHSHAN","1703","ARGHANCHKHWA","NO",14,4,0,0,0,0,0,0,0,0,3795,56,0.0147562582345191,0,2,0,1,0,0,5,46,0,0,2,0,0,0
"17","BADAKHSHAN","1704","YAFTAL SUFLA","NO",77,77,20,0,0,1,0,2,1394,-22,23703,5454,0.230097456018226,13,19,5,2,3,6,834,4019,20,293,224,9,1,6
"17","BADAKHSHAN","1705","KHASH","NO",32,31,13,2,138,0,0,2,984,-48,10432,1908,0.182898773006135,7,14,5,3,0,3,343,1358,6,50,107,3,4,5
"17","BADAKHSHAN","1706","BAHARAK","NO",51,51,5,0,0,1,0,0,193,-5,15846,1623,0.102423324498296,13,26,25,8,1,2,189,1147,12,88,107,3,0,2
"17","BADAKHSHAN","1707","DARAYEM","NO",55,55,18,0,0,0,0,5,1514,27,17977,4930,0.274239305779607,4,14,4,5,1,43,966,3342,32,368,145,3,1,2
"17","BADAKHSHAN","1708","KOHESTAN","NO",13,12,1,1,0,0,0,0,0,0,3220,592,0.183850931677019,2,0,2,0,0,0,39,390,1,52,103,0,2,1
"17","BADAKHSHAN","1709","YAWAN","NO",47,47,3,0,0,1,0,0,249,-1,14529,4189,0.288319911900337,17,7,4,9,0,1,176,2087,12,1533,338,4,1,0
"17","BADAKHSHAN","1710","JURM","NO",45,39,6,0,0,0,0,0,134,-5,14891,1421,0.0954267678463501,28,30,17,9,0,1,286,890,9,37,106,4,1,3
"17","BADAKHSHAN","1711","TESHKAN","NO",45,23,8,4,0,0,0,1,275,12,13205,1542,0.116773949261643,23,4,2,14,1,0,315,876,10,209,84,1,0,3
"17","BADAKHSHAN","1712","SHUHADA","NO",34,34,9,0,0,1,0,0,575,-5,9714,1992,0.205064854848672,5,16,18,4,2,1,239,1163,11,377,148,3,2,3
"17","BADAKHSHAN","1713","SHAHR BUZORG","NO",56,50,17,7,36,2,0,0,626,-89,15103,3268,0.21638085148646,6,6,18,2,1,6,643,1996,19,211,353,3,1,3
"17","BADAKHSHAN","1714","RAGHESTAN","NO",23,19,7,0,0,0,0,0,432,-19,7867,791,0.100546587009025,0,1,1,0,0,0,74,403,0,210,101,1,0,0
"17","BADAKHSHAN","1715","KESHEM","NO",117,105,26,2,0,2,0,1,2236,-64,40246,8958,0.222581126074641,167,56,32,136,4,15,1544,5653,40,937,343,16,3,12
"17","BADAKHSHAN","1717","TAGAB","NO",30,11,1,0,0,0,0,1,92,1,7196,1010,0.14035575319622,47,3,6,1,0,2,254,660,0,7,28,2,0,0
"17","BADAKHSHAN","1719","SHEGHNAN","NO",30,30,3,0,0,0,0,0,368,-9,7849,3322,0.423238629124729,8,28,23,2,2,9,1905,1211,19,36,75,1,0,3
"17","BADAKHSHAN","1720","KHWAHAN","NO",26,24,5,0,0,2,0,0,80,-21,7245,1486,0.205106970324362,4,9,5,3,0,3,161,514,8,20,757,1,0,1
"17","BADAKHSHAN","1721","KOFAB","NO",28,22,3,0,0,0,0,0,113,-10,8740,828,0.0947368421052632,4,35,5,2,0,0,241,339,4,22,174,2,0,0
"17","BADAKHSHAN","1722","DARWAZ PAYEN (MAMAY)","NO",29,29,3,0,0,0,0,2,449,15,8917,3288,0.368733879107323,4,6,58,7,0,1,387,978,2,35,1802,2,3,3
"17","BADAKHSHAN","1723","ESHKASHEM","NO",21,21,1,0,0,0,0,0,143,-7,5588,2505,0.448282032927702,4,32,2,6,1,6,1639,596,8,64,140,1,1,5
"17","BADAKHSHAN","1724","SHAKI","NO",25,25,15,0,0,0,0,0,1890,-82,6443,2686,0.41688654353562,5,35,5,16,0,3,128,1439,7,43,1001,2,2,0
"17","BADAKHSHAN","1725","ZEBAK","NO",12,12,0,0,0,0,0,0,0,0,3240,1566,0.483333333333333,7,10,3,1,2,5,849,443,12,10,218,2,2,2
"17","BADAKHSHAN","1726","KERAN WA MENJAN","NO",16,16,2,0,0,0,0,0,148,-31,3876,554,0.142930856553148,0,4,2,2,2,0,128,368,1,33,14,0,0,0
"17","BADAKHSHAN","1727","DARWAZ BALA (NESAY)","NO",28,8,5,0,0,0,0,0,460,-5,7232,617,0.0853152654867257,10,1,2,1,0,1,52,301,1,12,234,0,0,2
"17","BADAKHSHAN","1728","WAKHAN","NO",23,22,2,1,0,0,0,0,131,-1,4951,2393,0.483336699656635,2,7,5,0,1,4,1587,719,8,12,42,3,0,3
"18","TAKHAR","1801","TALUQAN","YES",217,203,14,0,0,0,0,0,1378,-70,70062,18441,0.263209728526163,100,149,81,33,3,14,2424,14952,100,421,121,17,7,19
"18","TAKHAR","1802","HAZARSUMOCH","NO",23,6,3,2,0,1,0,0,0,0,7139,119,0.0166690012606808,1,0,0,0,0,0,29,89,0,0,0,0,0,0
"18","TAKHAR","1803","BAHARAK","NO",41,16,1,0,0,0,0,0,4,0,14230,304,0.0213633169360506,0,0,1,0,0,0,18,283,1,1,0,0,0,0
"18","TAKHAR","1804","BANGI","NO",51,51,0,0,0,0,0,0,0,0,17157,3726,0.217170834061899,15,9,6,2,4,9,414,3169,25,34,11,12,5,11
"18","TAKHAR","1805","CHAL","NO",42,42,2,1,154,0,0,0,26,-2,12647,3026,0.239266229145252,9,17,3,12,0,8,627,2192,15,110,14,9,1,9
"18","TAKHAR","1806","NAMAKAB","NO",18,18,0,0,0,0,0,0,0,0,6156,751,0.121994801819363,7,2,1,2,0,3,192,440,3,95,2,3,0,1
"18","TAKHAR","1807","KALAFGAN","NO",64,64,4,0,0,0,0,0,158,-1,20003,5372,0.268559716042594,51,19,16,8,12,13,897,4187,27,88,8,20,3,23
"18","TAKHAR","1808","FARKHAR","NO",68,68,1,0,0,0,0,0,141,-12,21838,5423,0.248328601520286,21,35,34,37,3,7,440,4682,16,108,22,7,2,9
"18","TAKHAR","1809","KHWAJAGHAR","NO",54,0,0,0,0,0,0,0,0,0,15621,0,0,0,0,0,0,0,0,0,0,0,0,0,0,0,0
"18","TAKHAR","1810","RUSTAQ","NO",163,157,14,8,91,1,0,0,295,-19,47751,11161,0.233733324956545,50,134,43,22,13,22,632,9765,83,210,120,28,16,23
"18","TAKHAR","1811","ESHKAMESH","NO",66,57,23,0,0,1,0,1,1357,-129,21517,3189,0.148208393363387,13,13,16,10,2,2,1163,1732,11,200,10,9,2,6
"18","TAKHAR","1812","DASHT QALA","NO",27,16,1,1,54,0,0,0,0,0,5808,743,0.127926997245179,2,3,1,1,0,2,193,521,6,5,3,1,0,5
"18","TAKHAR","1813","WARSAJ","NO",54,54,11,1,131,0,0,0,1348,-46,16206,7512,0.463532025175861,24,36,13,19,2,10,1448,5754,27,93,72,3,2,9
"18","TAKHAR","1814","KHWAJA BAHAUDIN","NO",32,27,1,0,0,0,0,0,45,-2,8238,1957,0.237557659626123,10,86,5,8,0,3,92,1656,15,40,36,1,1,4
"18","TAKHAR","1815","DARQAD","NO",6,0,0,0,0,0,0,0,0,0,1358,0,0,0,0,0,0,0,0,0,0,0,0,0,0,0,0
"18","TAKHAR","1816","CHAHAB","NO",77,0,0,0,0,0,0,0,0,0,24207,0,0,0,0,0,0,0,0,0,0,0,0,0,0,0,0
"18","TAKHAR","1817","YANGI QALA","NO",23,2,2,2,0,0,0,0,0,0,6630,111,0.0167420814479638,0,1,0,0,0,0,14,94,0,2,0,0,0,0
"19","KUNDUZ","1901","KUNDUZ","YES",233,169,28,13,0,4,0,0,370,-19,79562,5306,0.0666901284532817,28,43,45,36,0,16,1572,3201,44,158,159,1,1,2
"19","KUNDUZ","1902","CHAHAR DARAH","NO",20,4,7,7,0,1,0,0,0,0,6711,26,0.00387423632841603,0,1,0,0,0,0,8,17,0,0,0,0,0,0
"19","KUNDUZ","1903","ALI ABAD","NO",35,16,1,0,0,0,0,0,37,-6,9688,565,0.0583195706028076,2,1,2,2,0,0,37,503,3,9,5,0,1,0
"19","KUNDUZ","1904","KHAN ABAD","NO",74,55,5,2,0,2,0,0,6,-2,23761,912,0.0383822229704137,13,7,1,5,4,4,298,519,5,39,5,7,3,2
"19","KUNDUZ","1905","EMAM SAHEB","NO",151,117,10,0,0,1,0,0,453,-27,50551,5590,0.110581393048604,25,59,15,35,2,6,1652,3639,35,83,22,4,4,9
"19","KUNDUZ","1906","DASHT ARCHI","NO",29,0,0,0,0,0,0,0,0,0,9757,0,0,0,0,0,0,0,0,0,0,0,0,0,0,0,0
"19","KUNDUZ","1907","QALAE ZAL","NO",10,0,0,0,0,0,0,0,0,0,2656,0,0,0,0,0,0,0,0,0,0,0,0,0,0,0,0
"19","KUNDUZ","1910","AQTASH","NO",29,14,0,0,0,0,0,0,0,0,9860,277,0.0280933062880325,2,3,2,1,1,1,69,195,2,1,0,0,0,0
"20","SAMANGAN","2001","AYBAK","YES",127,115,12,0,0,1,0,1,1486,-41,38427,15044,0.391495563015588,69,81,33,30,13,36,2514,11888,77,210,30,31,8,24
"20","SAMANGAN","2002","HAZRATE SULTAN","NO",49,33,0,0,0,0,0,0,0,0,17339,3699,0.213334102312705,13,13,11,2,4,14,1021,2535,26,46,0,6,0,8
"20","SAMANGAN","2003","KHURAM WA SARBAGH","NO",31,29,0,0,0,0,0,0,0,0,9807,3223,0.328642806158866,13,11,7,11,4,2,296,2599,16,243,4,6,6,5
"20","SAMANGAN","2004","FIROZ NAKHCHEER","NO",19,19,1,0,0,0,0,0,84,-2,6191,1811,0.292521402035212,14,7,2,3,1,8,360,1385,7,7,7,5,2,3
"20","SAMANGAN","2005","ROYE DOAB","NO",70,65,5,2,0,0,0,0,249,-5,19912,4539,0.227952993169948,32,15,9,14,0,14,1051,3217,7,152,2,6,18,2
"20","SAMANGAN","2006","DARAE SOFE PAYEN","NO",65,13,0,0,0,0,0,0,0,0,19052,432,0.0226747847994961,1,2,2,2,0,1,68,341,0,12,2,0,0,1
"20","SAMANGAN","2007","DARAE SOFE BALA","NO",96,88,10,0,0,1,0,0,1039,-41,30776,8645,0.280900701845594,122,74,26,16,2,9,1813,6427,26,17,16,6,82,9
"21","BALKH","2101-01","MAZARE SHARIF NAHIA 01","YES",63,63,2,0,0,1,0,0,98,0,22836,5437,0.238088982308635,173,91,39,17,0,4,1874,3073,36,78,30,2,17,3
"21","BALKH","2101-02","MAZARE SHARIF NAHIA 02","YES",30,30,0,0,0,0,0,0,0,0,9949,2512,0.252487687204744,81,22,13,3,1,2,749,1574,10,42,9,0,4,2
"21","BALKH","2101-03","MAZARE SHARIF NAHIA 03","YES",41,41,1,0,0,0,0,0,110,-3,14962,3671,0.245354899077663,171,42,24,5,0,1,1364,1910,24,66,33,1,29,1
"21","BALKH","2101-04","MAZARE SHARIF NAHIA 04","YES",32,32,0,0,0,0,0,0,0,0,12083,3084,0.255234627162129,39,57,10,13,1,3,1236,1577,19,119,6,4,0,0
"21","BALKH","2101-05","MAZARE SHARIF NAHIA 05","YES",60,60,1,0,0,0,0,0,98,-11,20707,5227,0.252426715603419,219,108,33,8,0,5,1406,3238,44,116,19,3,18,10
"21","BALKH","2101-06","MAZARE SHARIF NAHIA 06","YES",26,26,1,0,0,0,0,0,155,-1,8987,2437,0.2711694670079,62,27,18,8,0,0,646,1576,15,41,27,1,16,0
"21","BALKH","2101-07","MAZARE SHARIF NAHIA 07","YES",41,41,0,0,0,0,0,0,0,0,14544,3742,0.257288228822882,92,60,24,10,0,5,1567,1681,37,132,121,1,8,4
"21","BALKH","2101-08","MAZARE SHARIF NAHIA 08","YES",45,45,0,0,0,0,0,0,0,0,15292,3881,0.25379283285378,362,82,33,14,2,2,1258,1976,40,42,25,1,41,3
"21","BALKH","2101-09","MAZARE SHARIF NAHIA 09","YES",30,30,0,0,0,0,0,0,0,0,9299,2212,0.237875040326917,64,26,10,7,1,2,705,1323,18,49,5,0,1,1
"21","BALKH","2101-10","MAZARE SHARIF NAHIA 10","YES",51,51,1,0,0,0,0,0,77,-3,17866,5067,0.283611328780925,525,123,44,2,2,6,1188,2995,33,36,35,5,68,5
"21","BALKH","2102","NAHR SHAHI","NO",81,66,3,0,0,1,0,0,133,-7,28701,5646,0.196717884394272,1055,127,32,4,2,7,1176,2815,24,96,12,9,280,7
"21","BALKH","2103","DEHDADI","NO",87,87,0,0,0,0,0,0,0,0,28943,5432,0.187679231593131,151,151,35,5,1,3,2231,2531,34,255,25,3,4,3
"21","BALKH","2104","CHARKENT","NO",61,51,3,3,0,0,0,0,0,0,20157,1770,0.0878106861140051,50,20,11,0,4,9,529,1115,6,5,5,2,11,3
"21","BALKH","2105","MARMUL","NO",26,26,0,0,0,0,0,0,0,0,9254,1598,0.172682083423384,10,14,7,3,1,1,206,1272,7,38,37,2,0,0
"21","BALKH","2106","BALKH","NO",128,69,10,1,0,3,0,0,406,-11,42026,2863,0.0681244943606339,20,68,13,5,0,2,1126,1554,12,52,3,4,1,3
"21","BALKH","2107","SHOLGARA","NO",151,83,1,0,0,0,0,1,117,32,49114,6645,0.135297471189478,22,69,17,6,2,11,3072,3333,17,72,8,8,3,5
"21","BALKH","2108","CHEMTAL","NO",63,12,3,3,0,0,0,0,0,0,19582,114,0.00582167296496783,2,2,2,1,0,0,62,39,2,4,0,0,0,0
"21","BALKH","2109","DAWLATABAD","NO",66,11,0,0,0,0,0,0,0,0,18146,168,0.00925823873029869,1,1,0,0,0,0,21,135,4,6,0,0,0,0
"21","BALKH","2110","KHULM","NO",71,71,4,0,0,0,0,0,543,-49,20311,7146,0.351829058145832,21,67,42,13,5,19,2471,4322,44,109,13,5,5,10
"21","BALKH","2111","CHARBOLAK","NO",72,5,5,4,0,2,0,0,0,0,20705,5,0.000241487563390485,0,0,0,0,0,0,4,1,0,0,0,0,0,0
"21","BALKH","2112","SHORTEPA","NO",34,24,0,0,0,0,0,0,0,0,9629,1267,0.131581680340638,6,26,3,1,1,3,579,595,3,37,3,0,3,7
"21","BALKH","2113","KALDAR","NO",37,37,0,0,0,0,0,0,0,0,9212,2162,0.23469387755102,37,34,14,4,0,1,551,1247,24,47,196,2,2,3
"21","BALKH","2114","KUSHENDEH","NO",77,8,0,0,0,0,0,0,0,0,21300,259,0.0121596244131455,0,2,1,1,0,0,52,196,1,6,0,0,0,0
"21","BALKH","2115","ZARI","NO",94,0,0,0,0,0,0,0,0,0,28362,0,0,0,0,0,0,0,0,0,0,0,0,0,0,0,0
"22","SARE PUL","2201","SARE PUL","YES",149,137,6,5,39,0,0,0,34,-1,50578,17265,0.341353948356993,189,154,59,19,15,23,2125,14372,80,144,24,20,29,12
"22","SARE PUL","2202","SAYAD","NO",22,17,1,0,0,0,0,0,128,0,7063,1664,0.235593940252018,6,8,2,2,3,3,169,1451,5,6,3,2,2,2
"22","SARE PUL","2204","SOZMAQALA","NO",24,16,0,0,0,0,0,0,0,0,6460,709,0.109752321981424,6,5,3,0,0,0,305,369,6,14,1,0,0,0
"22","SARE PUL","2205","SANCHARAK","NO",89,55,1,0,0,0,0,1,63,1,28609,3507,0.122583802299976,31,46,14,6,3,4,612,2735,20,18,2,3,10,3
"22","SARE PUL","2206","GOSFANDI","NO",62,58,1,1,84,0,0,0,0,0,17523,2981,0.170119271814187,17,37,2,3,4,4,472,2399,5,22,6,3,3,4
"22","SARE PUL","2207","BALKHAB","NO",90,90,34,6,380,0,0,1,2385,-64,30715,8076,0.26293342015302,332,101,30,6,7,9,2471,4997,23,15,12,6,59,8
"23","GHOR","2301","FEROZKOH (CHEGHCHERAN)","YES",225,125,76,2,0,2,0,6,5186,-335,72451,7475,0.10317317911416,77,407,53,408,3,8,3700,1907,21,804,59,4,16,8
"23","GHOR","2302","DOLAYNA","NO",58,3,2,2,0,0,0,0,0,0,16590,60,0.00361663652802893,1,1,0,0,0,0,17,41,0,0,0,0,0,0
"23","GHOR","2303","DAWLATYAR","NO",82,39,45,5,0,4,0,4,5566,-952,26185,4612,0.176131372923429,50,44,34,19,2,7,4071,273,21,57,13,1,20,0
"23","GHOR","2304","CHARSADA","NO",20,5,2,0,0,0,0,0,156,-1,6536,278,0.0425336597307222,5,0,4,5,0,0,88,165,1,4,3,2,0,1
"23","GHOR","2305","PASABAND","NO",18,5,0,0,0,0,0,0,0,0,5042,82,0.0162633875446251,1,0,2,3,0,0,27,28,0,21,0,0,0,0
"23","GHOR","2306","SHAHRAK","NO",88,66,71,0,0,16,0,6,11705,-2433,29421,9106,0.309506814860134,7,2,25,10,2,4,6458,2593,2,3,0,0,0,0
"23","GHOR","2307","LAL WA SARJANGAL","NO",143,143,12,0,0,0,1,2,2270,-67,42566,21049,0.494502654700935,3274,235,44,14,8,20,3067,13488,64,18,21,26,759,11
"23","GHOR","2308","TAYWARA","NO",74,57,30,1,0,5,0,1,2664,-492,22132,5054,0.228357129947587,10,29,42,12,5,26,3515,1219,4,183,3,0,1,5
"23","GHOR","2309","TOLAK","NO",64,3,0,0,0,0,0,0,0,0,22100,109,0.00493212669683258,9,0,1,0,0,0,49,47,0,0,3,0,0,0
"23","GHOR","2310","SAGHAR","NO",26,16,8,2,0,1,0,0,418,-9,7210,715,0.0991678224687933,15,4,3,2,0,4,561,88,1,37,0,0,0,0
"24","DAYKUNDI","2401","NILI","YES",74,74,12,0,0,0,0,0,1782,-35,19042,11641,0.611332843188741,566,82,45,19,9,22,3446,7307,32,41,17,13,29,13
"24","DAYKUNDI","2402","SHAHRESTAN","NO",102,102,7,0,0,1,0,0,838,-12,27361,16862,0.616278644786375,353,124,51,32,9,39,4399,11630,40,54,25,25,56,25
"24","DAYKUNDI","2403","PATO","NO",39,39,2,0,0,0,0,1,251,0,11385,4551,0.399736495388669,86,22,19,2,6,19,1729,2607,12,6,5,6,22,10
"24","DAYKUNDI","2404","ESHTARLAY","NO",73,73,10,0,0,7,0,0,484,-10,17590,9184,0.522114837976123,460,54,20,13,5,28,3566,4910,31,18,9,17,35,18
"24","DAYKUNDI","2405","KHADER","NO",75,75,4,0,0,0,0,0,717,-12,17775,11415,0.642194092827004,221,48,11,11,5,18,3904,7055,38,37,16,17,21,13
"24","DAYKUNDI","2406","KITI","NO",72,72,3,0,0,0,0,0,519,-3,20980,10507,0.500810295519542,175,87,36,70,11,29,3424,6492,32,32,10,24,61,24
"24","DAYKUNDI","2407","MERAMOR","NO",115,115,7,0,0,0,0,0,1066,-22,29057,17767,0.611453350311457,578,134,65,25,16,68,4605,12068,48,38,30,32,40,20
"24","DAYKUNDI","2408","SANG TAKHT","NO",64,64,8,0,0,0,0,0,1389,-30,17126,11425,0.667114329090272,571,51,20,9,6,25,3311,7285,52,23,11,21,18,22
"24","DAYKUNDI","2409","KAJRAN","NO",44,44,5,0,0,0,0,0,324,-9,12842,4818,0.37517520635415,112,49,10,9,8,12,1358,3167,10,54,7,10,1,11
"25","URUZGAN","2501","TIRENKOT","YES",94,90,7,4,0,1,0,0,77,-12,31673,2663,0.0840779212578537,78,37,5,2,2,5,1905,498,4,87,9,6,7,18
"25","URUZGAN","2502","DEHRAWUD","NO",43,39,7,4,0,2,0,0,64,-10,13723,1251,0.0911608248925162,33,34,23,4,8,28,749,101,2,228,12,4,9,16
"25","URUZGAN","2503","CHORA","NO",33,32,2,1,0,1,1,0,0,0,9878,354,0.0358372140109334,11,7,3,1,2,4,264,42,0,16,3,0,1,0
"25","URUZGAN","2504","SHAHED HASAS","NO",2,0,0,0,0,0,0,0,0,0,18,0,0,0,0,0,0,0,0,0,0,0,0,0,0,0,0
"25","URUZGAN","2506","CHENARTO","NO",7,6,1,1,0,0,0,0,0,0,1660,141,0.0849397590361446,3,2,3,0,2,2,59,44,2,19,1,1,1,2
"25","URUZGAN","2507","GIZAB","NO",21,18,7,3,0,1,0,0,325,-5,6693,1025,0.153145076946063,10,12,9,2,0,12,541,251,4,175,1,3,2,3
"26","ZABUL","2601","QALAT","YES",96,88,75,2,0,1,0,2,2590,-171,31380,2646,0.084321223709369,26,11,3,8,11,8,2281,159,26,107,4,1,1,0
"26","ZABUL","2602","TARNAK WA JALDAK","NO",21,16,13,5,0,1,0,2,73,-7,5681,113,0.019890864284457,1,0,0,0,0,2,79,5,0,25,0,0,0,1
"26","ZABUL","2603","SHINKAI","NO",13,8,4,2,0,0,0,0,181,-37,4166,372,0.0892942870859337,2,0,0,0,0,0,350,18,1,1,0,0,0,0
"26","ZABUL","2604","MEZAN","NO",8,3,3,0,0,1,0,0,268,-186,2108,82,0.038899430740038,0,0,0,0,0,0,82,0,0,0,0,0,0,0
"26","ZABUL","2605","ARGHANDAB","NO",2,2,0,0,0,0,0,0,0,0,405,35,0.0864197530864197,1,0,0,0,0,0,15,13,0,3,0,2,0,1
"26","ZABUL","2606","SHAHJOY","NO",48,34,40,9,0,10,0,6,1820,-185,15495,1715,0.110680864795095,3,8,0,0,2,3,1600,36,1,52,2,4,0,4
"26","ZABUL","2608","ATGHAR","NO",5,1,4,4,0,0,0,0,0,0,1482,3,0.00202429149797571,0,0,0,0,0,0,2,1,0,0,0,0,0,0
"26","ZABUL","2609","NAWBAHAR","NO",3,3,2,0,0,0,0,0,121,-6,681,125,0.183553597650514,0,0,0,0,0,0,104,19,0,2,0,0,0,0
"26","ZABUL","2610","SHUMULZAY","NO",17,13,13,1,0,5,0,2,1265,-421,5091,892,0.175211156943626,4,1,2,0,0,3,867,11,0,4,0,0,0,0
"27","KANDAHAR","2701-01","KANDAHAR NAHIA 01","YES",147,147,27,2,101,0,0,6,1129,-51,55401,5805,0.104781502138951,74,149,13,3,5,73,3974,1138,22,319,7,6,12,10
"27","KANDAHAR","2701-02","KANDAHAR NAHIA 02","YES",131,131,12,1,31,2,0,3,450,22,50008,4843,0.0968445048792193,26,78,7,6,2,9,4153,211,2,315,7,8,8,11
"27","KANDAHAR","2701-03","KANDAHAR NAHIA 03","YES",23,23,3,0,0,0,0,1,228,-15,8760,950,0.108447488584475,3,8,9,1,2,2,847,26,3,48,0,1,0,0
"27","KANDAHAR","2701-04","KANDAHAR NAHIA 04","YES",129,123,45,16,261,12,0,3,1001,-153,48799,3078,0.0630750630135863,16,31,9,0,5,10,2583,222,1,190,5,1,4,1
"27","KANDAHAR","2701-05","KANDAHAR NAHIA 05","YES",18,18,3,1,7,1,0,0,28,-1,6713,578,0.0861015939222404,3,6,1,0,1,1,463,61,7,29,1,0,1,4
"27","KANDAHAR","2701-06","KANDAHAR NAHIA 06","YES",22,22,0,0,0,0,0,0,0,0,8221,885,0.107651137331225,6,17,3,1,4,4,695,43,3,102,1,0,1,5
"27","KANDAHAR","2701-07","KANDAHAR NAHIA 07","YES",37,37,6,4,134,0,0,1,113,4,13805,1705,0.123505976095618,21,50,13,1,5,8,1053,427,8,109,1,4,2,3
"27","KANDAHAR","2701-08","KANDAHAR NAHIA 08","YES",35,35,2,0,0,1,0,0,73,-35,12984,1217,0.0937307455329636,7,15,4,3,3,2,944,85,4,146,1,0,0,3
"27","KANDAHAR","2701-09","KANDAHAR NAHIA 09","YES",76,76,12,6,142,2,0,2,143,-9,29486,2075,0.0703723801125958,13,25,6,1,2,5,1609,278,8,115,0,3,3,7
"27","KANDAHAR","2701-10","KANDAHAR NAHIA 10","YES",124,124,17,1,25,2,0,2,707,-41,47315,4439,0.093818028109479,21,35,16,5,8,9,3901,179,6,242,2,7,0,8
"27","KANDAHAR","2701-13","KANDAHAR NAHIA 13","YES",16,16,3,1,21,0,0,2,22,25,5755,468,0.0813205907906169,4,7,2,1,1,3,340,29,1,76,1,0,0,3
"27","KANDAHAR","2702","ARGHANDAB","NO",83,74,75,30,4131,1,0,10,3435,315,25316,8064,0.318533733607205,40,32,18,4,8,25,7488,127,5,291,2,6,11,7
"27","KANDAHAR","2703","DAMAN","NO",68,56,31,13,33,0,0,4,1045,130,20452,2045,0.0999902210052807,31,28,21,7,10,12,1542,185,8,169,11,5,6,10
"27","KANDAHAR","2704","PANJWAYE","NO",85,77,49,21,436,6,1,3,406,-57,26385,2081,0.0788705703998484,15,19,11,4,10,3,1681,55,10,257,6,4,3,3
"27","KANDAHAR","2705","ZHERAY","NO",98,90,45,20,266,10,1,5,444,33,31217,1718,0.055034116026524,15,25,12,7,6,7,1273,133,5,218,8,3,1,5
"27","KANDAHAR","2706","SHAHWALEKOT","NO",16,14,3,2,0,0,0,0,66,-4,4919,684,0.139052652978248,11,7,5,4,2,3,536,31,3,68,6,2,1,5
"27","KANDAHAR","2707","KHAKREZ","NO",5,3,4,2,0,0,1,2,5,32,482,53,0.109958506224066,0,0,0,0,0,0,41,12,0,0,0,0,0,0
"27","KANDAHAR","2708","ARGHESTAN","NO",34,15,9,2,0,0,0,2,500,-7,9679,776,0.0801735716499638,8,9,5,5,4,1,646,13,0,78,1,4,0,2
"27","KANDAHAR","2709","GHORAK","NO",2,2,0,0,0,0,0,0,0,0,585,56,0.0957264957264957,0,0,0,0,0,0,39,15,0,2,0,0,0,0
"27","KANDAHAR","2710","MAYWAND","NO",25,25,23,0,0,0,0,2,2512,-112,8675,2574,0.29671469740634,6,7,7,4,1,112,2367,22,1,43,0,1,2,1
"27","KANDAHAR","2711","SPENBOLDAK","NO",288,233,283,86,11291,88,6,17,11140,-883,103299,21585,0.208956524264514,38,24,21,7,9,26,20840,241,13,337,2,6,4,17
"27","KANDAHAR","2712","NESH","NO",3,0,3,3,0,0,0,0,0,0,511,0,0,0,0,0,0,0,0,0,0,0,0,0,0,0,0
"27","KANDAHAR","2713","MIYANSHIN","NO",4,4,4,2,85,2,1,0,53,-53,1003,85,0.0847457627118644,0,2,0,0,0,0,54,25,0,0,0,4,0,0
"27","KANDAHAR","2714","SHORABAK","NO",2,1,1,1,0,0,0,0,0,0,348,20,0.0574712643678161,0,0,0,0,0,0,18,0,0,2,0,0,0,0
"27","KANDAHAR","2716","REG","NO",1,1,0,0,0,0,0,0,0,0,319,24,0.0752351097178683,0,1,0,0,0,0,23,0,0,0,0,0,0,0
"27","KANDAHAR","2717","DAND","NO",76,64,66,16,52,13,0,2,796,-22,25908,1060,0.0409140033966342,5,6,3,0,0,1,928,85,0,26,2,0,2,2
"27","KANDAHAR","2718","TAKHTAPUL","NO",36,35,24,3,114,1,0,1,1247,-43,12222,1505,0.123138602520046,10,5,1,1,0,4,1429,24,1,25,1,0,2,2
"28","JAWZJAN","2801","SHEBERGHAN","YES",191,191,9,0,0,0,0,0,1541,-30,64129,29520,0.460322163139921,200,224,87,41,21,59,6193,22156,194,217,38,29,26,35
"28","JAWZJAN","2802","KHWAJA DOKOH","NO",36,36,0,0,0,0,0,0,0,0,12812,5244,0.409303777708398,20,25,7,10,3,13,754,4337,28,15,5,14,0,13
"28","JAWZJAN","2803","KHANEQA","NO",8,8,0,0,0,0,0,0,0,0,2678,510,0.190440627333831,1,1,3,1,0,1,195,297,1,4,2,1,1,2
"28","JAWZJAN","2804","MENGAJEK","NO",5,2,1,1,0,0,0,0,0,0,821,11,0.0133982947624848,0,0,0,0,0,0,0,11,0,0,0,0,0,0
"28","JAWZJAN","2805","QOSHTEPA","NO",10,10,1,0,0,0,0,0,82,-2,2622,519,0.197940503432494,1,6,1,0,0,2,23,469,9,4,1,2,1,0
"28","JAWZJAN","2806","KHAMYAB","NO",4,0,0,0,0,0,0,0,0,0,115,0,0,0,0,0,0,0,0,0,0,0,0,0,0,0,0
"28","JAWZJAN","2807","AQCHA","NO",38,38,0,0,0,0,0,0,0,0,12085,1114,0.0921803889118742,2,2,4,0,1,0,132,960,4,8,1,0,0,0
"28","JAWZJAN","2808","FAYZABAD","NO",17,10,1,1,0,0,0,0,0,0,5001,765,0.152969406118776,1,2,0,1,0,0,7,750,3,0,1,0,0,0
"28","JAWZJAN","2809","MARDYAN","NO",2,1,1,1,0,0,0,0,0,0,111,27,0.243243243243243,0,0,0,0,0,0,1,26,0,0,0,0,0,0
"28","JAWZJAN","2810","QARQEEN","NO",8,0,0,0,0,0,0,0,0,0,2319,0,0,0,0,0,0,0,0,0,0,0,0,0,0,0,0
"28","JAWZJAN","2811","DARZAB","NO",3,0,0,0,0,0,0,0,0,0,693,0,0,0,0,0,0,0,0,0,0,0,0,0,0,0,0
"29","FARYAB","2901","MAYMANA","YES",148,148,14,1,134,0,0,0,1370,-48,48898,13560,0.277311955499202,135,106,73,13,5,7,1762,11223,69,120,28,11,3,5
"29","FARYAB","2902","PASHTONKOT","NO",60,42,4,1,0,4,0,0,63,-3,20772,1863,0.0896880415944541,7,13,9,0,0,1,104,1707,8,10,2,2,0,0
"29","FARYAB","2903","KHWAJA SABZPOSH","NO",7,1,1,1,0,0,0,0,0,0,2009,9,0.00447984071677451,0,0,0,0,0,0,0,9,0,0,0,0,0,0
"29","FARYAB","2904","ALMAR","NO",32,0,0,0,0,0,0,0,0,0,10686,0,0,0,0,0,0,0,0,0,0,0,0,0,0,0,0
"29","FARYAB","2905","BELCHERAGH","NO",42,20,42,0,0,3,0,2,976,-22,14925,954,0.0639195979899497,14,5,0,1,0,2,668,257,0,6,1,0,0,0
"29","FARYAB","2906","SHIRINTAGAB","NO",12,3,5,2,0,1,0,0,20,0,3701,20,0.00540394487976223,0,0,0,0,0,0,1,19,0,0,0,0,0,0
"29","FARYAB","2907","QAYSAR","NO",119,32,119,9,42,14,0,0,721,-50,41543,713,0.0171629396047469,12,0,3,0,0,0,41,653,2,2,0,0,0,0
"29","FARYAB","2908","GURZIWAN","NO",44,34,44,4,858,2,0,10,2752,154,16392,3764,0.22962420693021,2,16,8,21,11,3,1915,1725,16,30,17,0,0,0
"29","FARYAB","2909","DAWLATABAD","NO",17,0,0,0,0,0,0,0,0,0,5419,0,0,0,0,0,0,0,0,0,0,0,0,0,0,0,0
"29","FARYAB","2910","KOHESTAN","NO",4,4,4,0,0,0,0,0,481,-9,1185,472,0.39831223628692,3,1,3,21,0,0,278,161,2,2,0,1,0,0
"29","FARYAB","2911","QARAMQUL","NO",27,0,0,0,0,0,0,0,0,0,7373,0,0,0,0,0,0,0,0,0,0,0,0,0,0,0,0
"29","FARYAB","2912","QURGHAN","NO",38,0,0,0,0,0,0,0,0,0,11571,0,0,0,0,0,0,0,0,0,0,0,0,0,0,0,0
"29","FARYAB","2913","ANDKHOY","NO",72,56,0,0,0,0,0,0,0,0,25449,3450,0.135565248143346,5,18,3,0,2,1,318,3084,9,4,4,2,0,0
"29","FARYAB","2914","KHAN CHAR BAGH","NO",33,33,1,0,0,0,0,0,89,0,10287,1791,0.174103237095363,3,12,0,1,0,3,120,1638,10,1,0,2,0,1
"30","HELMAND","3001","LASHKARGAH","YES",450,449,210,9,1180,20,0,75,7940,1940,168193,20468,0.121693530646341,151,178,46,11,25,20,17340,2022,60,548,13,6,32,16
"30","HELMAND","3002","NADALI","NO",114,111,73,6,380,8,0,9,3709,-285,41532,5406,0.130164692285467,10,20,6,2,5,6,4790,171,12,375,3,2,2,2
"30","HELMAND","3003","NAWAE BARAKZAYE","NO",116,98,116,22,169,28,3,4,1996,-248,38036,1917,0.0503996214112946,16,7,0,1,1,2,1793,30,1,61,1,2,1,1
"30","HELMAND","3004","NAHR SARAJ","NO",133,132,131,8,592,7,1,16,2760,-82,49674,3302,0.0664734066111044,6,40,12,4,3,2,2855,284,17,73,0,3,1,2
"30","HELMAND","3005","WASHIR","NO",13,12,13,3,91,3,1,1,145,-15,4069,221,0.0543130990415335,0,2,1,0,0,0,182,24,0,12,0,0,0,0
"30","HELMAND","3006","GARMSER","NO",30,27,30,4,19,0,1,3,1490,-56,9301,1453,0.156219761315988,1,5,0,0,2,6,1376,21,2,31,3,1,3,2
"30","HELMAND","3008","SANGEEN","NO",5,5,5,0,0,0,0,0,415,-62,1675,353,0.210746268656716,6,3,3,0,1,2,224,98,0,5,9,0,0,2
"30","HELMAND","3010","KAJAKI","NO",3,3,0,0,0,0,0,0,0,0,641,235,0.366614664586583,2,3,1,0,2,0,170,48,2,6,0,0,1,0
"30","HELMAND","3014","MARJA","NO",27,27,7,1,200,2,0,0,236,-8,10146,922,0.0908732505420855,0,7,0,3,1,1,868,15,3,20,2,1,1,0
"30","HELMAND","3015","NAWAMISH","NO",46,46,5,3,195,0,0,0,206,-55,8899,3860,0.433756601865378,87,37,15,3,6,16,1474,2165,15,8,4,5,16,9
"31","BADGHIS","3101","QALAE NAW","YES",101,96,2,0,0,1,1,0,80,-3,32256,7367,0.228391617063492,62,99,104,132,6,22,1741,4879,44,226,16,10,7,19
"31","BADGHIS","3102","ABKAMARI","NO",53,41,2,1,0,0,0,1,162,3,13697,1460,0.106592684529459,15,28,20,38,6,8,361,924,10,25,1,14,2,8
"31","BADGHIS","3103","MUQUR","NO",19,10,0,0,0,0,0,0,0,0,4359,121,0.027758660243175,0,5,0,0,1,0,44,65,0,5,1,0,0,0
"31","BADGHIS","3104","QADEES","NO",19,13,1,0,0,0,0,0,59,-1,5227,605,0.115745169313182,3,15,15,3,1,1,220,264,19,56,3,1,2,2
"31","BADGHIS","3105","MURGHAB","NO",53,0,0,0,0,0,0,0,0,0,16450,0,0,0,0,0,0,0,0,0,0,0,0,0,0,0,0
"31","BADGHIS","3106","JAWAND","NO",57,4,0,0,0,0,0,0,0,0,16975,111,0.00653902798232695,0,0,1,0,0,0,8,77,1,24,0,0,0,0
"31","BADGHIS","3107","GHORMACH","NO",33,0,0,0,0,0,0,0,0,0,12407,0,0,0,0,0,0,0,0,0,0,0,0,0,0,0,0
"32","HERAT","3201-01","HERAT NAHIA 01","YES",39,39,1,0,0,0,0,0,65,-5,14003,3932,0.280796972077412,35,28,570,11,1,1,1668,1398,26,175,13,0,3,3
"32","HERAT","3201-02","HERAT NAHIA 02","YES",14,14,0,0,0,0,0,0,0,0,4957,1395,0.281420213839016,9,13,259,2,0,1,419,532,8,146,3,0,1,2
"32","HERAT","3201-03","HERAT NAHIA 03","YES",39,39,0,0,0,0,0,0,0,0,14106,3486,0.247128881327095,20,19,614,6,0,1,965,1635,18,199,2,1,0,6
"32","HERAT","3201-04","HERAT NAHIA 04","YES",23,23,1,0,0,0,0,0,18,-2,8397,1972,0.234845778254138,16,22,316,10,0,2,507,995,16,79,6,0,0,3
"32","HERAT","3201-05","HERAT NAHIA 05","YES",85,85,2,0,0,0,0,0,192,-4,30963,7807,0.252139650550657,136,43,1473,19,1,8,2387,3322,42,346,11,2,11,6
"32","HERAT","3201-06","HERAT NAHIA 06","YES",51,51,3,0,0,1,0,0,292,-3,18702,4489,0.240027804512886,19,29,784,13,0,5,1359,1893,22,351,2,2,5,5
"32","HERAT","3201-07","HERAT NAHIA 07","YES",52,52,6,0,0,1,0,1,264,-10,19360,4680,0.241735537190083,27,46,961,21,1,3,1198,2058,29,321,5,3,3,4
"32","HERAT","3201-08","HERAT NAHIA 08","YES",44,44,0,0,0,0,0,0,0,0,16029,4846,0.30232703225404,30,37,556,14,0,3,1900,2006,19,254,19,2,2,4
"32","HERAT","3201-09","HERAT NAHIA 09","YES",35,35,3,0,0,3,0,0,0,0,12936,2828,0.218614718614719,19,17,544,10,1,3,662,1313,6,249,3,0,0,1
"32","HERAT","3201-10","HERAT NAHIA 10","YES",34,34,0,0,0,0,0,0,0,0,12472,2722,0.218248877485568,7,22,353,5,0,7,928,1098,13,283,4,0,2,0
"32","HERAT","3201-11","HERAT NAHIA 11","YES",40,40,1,0,0,1,0,0,0,0,13975,2929,0.2095885509839,13,25,289,9,0,4,1198,1087,8,284,2,3,2,5
"32","HERAT","3201-12","HERAT NAHIA 12","YES",62,61,2,1,0,0,0,0,97,-5,22294,7337,0.329102000538261,482,63,509,12,0,6,1423,4483,29,222,16,6,80,6
"32","HERAT","3201-13","HERAT NAHIA 13","YES",62,62,1,0,0,0,0,0,238,-8,23075,10744,0.465612134344529,1229,123,236,7,3,12,719,8080,53,43,16,13,194,16
"32","HERAT","3201-14","HERAT NAHIA 14","YES",13,13,1,0,0,1,0,0,0,0,4708,968,0.205607476635514,7,10,74,3,0,4,383,382,2,96,2,1,2,2
"32","HERAT","3201-15","HERAT NAHIA 15","YES",13,13,0,0,0,0,0,0,0,0,4749,713,0.150136870920194,6,7,74,2,0,0,308,244,3,64,0,4,1,0
"32","HERAT","3202","ENJEEL","NO",219,218,5,1,0,2,0,0,134,-1,72254,16681,0.230866111218756,323,119,2633,41,2,19,3055,8578,83,1735,21,17,35,20
"32","HERAT","3203","GUZARA","NO",170,160,11,3,0,1,0,2,522,-2,57009,11199,0.196442666947324,392,91,804,20,3,22,4062,5017,44,697,12,11,11,13
"32","HERAT","3204","KARUKH","NO",92,92,5,0,0,1,0,0,93,-10,29832,4532,0.151917404129794,142,39,297,12,2,8,1095,2234,16,652,7,14,8,6
"32","HERAT","3205","ZENDAJAN","NO",52,52,1,0,0,0,0,0,162,-8,15899,4584,0.288320020127052,6,40,535,4,3,10,1530,2170,20,247,3,4,4,8
"32","HERAT","3206","PASHTON ZARGHON","NO",69,47,1,1,0,0,0,0,0,0,19811,2242,0.113169451314926,3,6,190,2,0,20,803,866,3,342,2,2,1,2
"32","HERAT","3207","KUSHK","NO",115,69,11,3,0,4,0,1,407,-33,34992,4147,0.118512802926383,12,25,197,10,0,6,1563,2129,27,155,7,6,2,8
"32","HERAT","3208","GULRAN","NO",21,8,1,0,0,1,0,0,0,0,5635,106,0.0188110026619343,1,0,3,0,0,0,8,92,1,1,0,0,0,0
"32","HERAT","3209","ADRASKAN","NO",25,23,12,2,0,0,0,0,430,-10,7557,827,0.109434960963345,0,0,9,0,1,0,732,36,2,47,0,0,0,0
"32","HERAT","3210","KUSHK KUHNA","NO",52,38,22,3,0,1,0,2,643,450,15739,1643,0.104390367875977,2,62,23,7,2,3,895,564,2,66,9,2,0,6
"32","HERAT","3211","GHORYAN","NO",107,107,10,0,0,2,0,1,390,-39,35287,5252,0.148836682064216,13,35,305,14,3,6,1760,2749,14,329,5,7,2,10
"32","HERAT","3212","OBI","NO",43,7,0,0,0,0,0,0,0,0,11642,60,0.0051537536505755,0,5,3,0,0,0,28,22,1,0,0,0,0,1
"32","HERAT","3213","KOHSAN","NO",81,53,28,14,0,11,0,0,54,-29,27209,1248,0.0458671763019589,4,11,56,2,0,1,383,701,7,79,3,0,0,1
"32","HERAT","3214","SHEENDND","NO",39,32,33,7,0,6,0,3,868,211,9681,1204,0.124367317425886,2,6,18,0,0,1,1105,50,8,13,0,0,1,0
"32","HERAT","3215","FARSI","NO",15,2,0,0,0,0,0,0,0,0,3519,7,0.00198920147769253,0,0,0,0,0,0,4,3,0,0,0,0,0,0
"32","HERAT","3216","CHISHT SHAREF","NO",18,14,6,4,0,1,0,0,15,-1,2848,207,0.0726825842696629,1,1,17,0,0,0,31,153,1,3,0,0,0,0
"32","HERAT","3219","KOHE ZOR","NO",4,4,0,0,0,0,0,0,0,0,1098,10,0.00910746812386157,0,0,0,0,0,0,5,5,0,0,0,0,0,0
"32","HERAT","3220","ZAWOL","NO",10,10,10,0,0,0,0,0,1457,-44,3317,1413,0.425987337955984,12,10,16,0,0,2,1116,222,5,26,2,0,2,0
"33","FARAH","3301","FARAH","YES",159,133,28,4,0,1,0,0,748,-4,52108,3426,0.0657480617179704,21,68,54,1,1,5,2550,485,19,212,5,2,1,2
"33","FARAH","3302","PUSHTROD","NO",1,0,1,1,0,0,0,0,0,0,274,0,0,0,0,0,0,0,0,0,0,0,0,0,0,0,0
"33","FARAH","3303","KHAK SAFID","NO",6,0,6,0,0,0,0,0,291,0,1563,0,0,0,0,0,0,0,0,0,0,0,0,0,0,0,0
"33","FARAH","3304","QALAYE KAH","NO",3,0,3,3,0,0,0,0,0,0,1035,0,0,0,0,0,0,0,0,0,0,0,0,0,0,0,0
"33","FARAH","3305","SHIBKOH","NO",2,0,2,0,0,0,0,0,85,0,322,0,0,0,0,0,0,0,0,0,0,0,0,0,0,0,0
"33","FARAH","3306","BALABLOK","NO",13,0,13,3,0,0,0,0,282,0,3054,0,0,0,0,0,0,0,0,0,0,0,0,0,0,0,0
"33","FARAH","3307","ANARDARA","NO",6,3,4,3,0,1,0,0,0,0,1833,2,0.0010911074740862,0,0,0,0,0,0,2,0,0,0,0,0,0,0
"33","FARAH","3308","BAKWA","NO",3,0,3,1,0,0,0,0,97,0,607,0,0,0,0,0,0,0,0,0,0,0,0,0,0,0,0
"33","FARAH","3309","LASH JUWAYN","NO",16,15,16,1,0,3,0,6,559,-20,5153,539,0.104599262565496,0,2,7,0,10,6,504,3,0,7,0,0,0,0
"33","FARAH","3310","GULESTAN","NO",3,0,3,0,0,0,0,0,97,0,662,0,0,0,0,0,0,0,0,0,0,0,0,0,0,0,0
"33","FARAH","3311","PURCHAMAN","NO",14,11,10,3,0,0,0,0,409,-56,2027,574,0.28317710902812,0,1,1,16,1,0,496,51,4,1,0,1,0,2
"34","NIMROZ","3401","ZARANJ","YES",137,137,4,0,0,0,0,0,107,-11,47760,6384,0.133668341708543,48,97,56,16,7,18,4442,1259,34,360,4,8,18,17
"34","NIMROZ","3402","KANG","NO",33,33,3,0,0,0,0,0,23,0,9946,1006,0.101146189422884,7,19,8,2,1,3,759,63,5,117,3,4,1,14
"34","NIMROZ","3403","CHAKHANSOR","NO",31,31,0,0,0,0,0,0,0,0,8495,761,0.0895821071218364,7,13,3,3,3,5,537,60,12,110,1,2,2,3
"34","NIMROZ","3404","CHAR BURJAK","NO",29,28,2,1,0,1,0,0,0,0,8198,1469,0.179190046352769,13,4,3,2,0,6,1321,91,2,19,4,0,0,4
"34","NIMROZ","3405","KHASHROD","NO",20,14,19,6,0,0,0,0,163,-11,7081,153,0.0216071176387516,2,1,1,0,0,0,105,7,3,32,1,1,0,0
"34","NIMROZ","3406","DELARAM","NO",34,26,25,8,0,12,0,0,14,-3,10460,28,0.00267686424474187,0,1,0,0,0,0,22,2,0,3,0,0,0,0
